-- --------------------------------------------------------
-- Host:                         172.190.85.139
-- Server version:               11.4.2-MariaDB-ubu2404 - mariadb.org binary distribution
-- Server OS:                    debian-linux-gnu
-- HeidiSQL Version:             12.8.0.6908
-- --------------------------------------------------------

/*!40101 SET @OLD_CHARACTER_SET_CLIENT=@@CHARACTER_SET_CLIENT */;
/*!40101 SET NAMES utf8 */;
/*!50503 SET NAMES utf8mb4 */;
/*!40103 SET @OLD_TIME_ZONE=@@TIME_ZONE */;
/*!40103 SET TIME_ZONE='+00:00' */;
/*!40014 SET @OLD_FOREIGN_KEY_CHECKS=@@FOREIGN_KEY_CHECKS, FOREIGN_KEY_CHECKS=0 */;
/*!40101 SET @OLD_SQL_MODE=@@SQL_MODE, SQL_MODE='NO_AUTO_VALUE_ON_ZERO' */;
/*!40111 SET @OLD_SQL_NOTES=@@SQL_NOTES, SQL_NOTES=0 */;


-- Dumping database structure for visitorpass
CREATE DATABASE IF NOT EXISTS `visitorpass` /*!40100 DEFAULT CHARACTER SET utf8mb4 COLLATE utf8mb4_unicode_ci */;
USE `visitorpass`;

-- Dumping structure for table visitorpass.attendances
CREATE TABLE IF NOT EXISTS `attendances` (
  `id` bigint(20) unsigned NOT NULL AUTO_INCREMENT,
  `date` date NOT NULL,
  `checkin_time` varchar(191) DEFAULT NULL,
  `checkout_time` varchar(191) DEFAULT NULL,
  `status` tinyint(3) unsigned NOT NULL,
  `employee_id` bigint(20) unsigned NOT NULL,
  `created_at` timestamp NULL DEFAULT NULL,
  `updated_at` timestamp NULL DEFAULT NULL,
  PRIMARY KEY (`id`)
) ENGINE=MyISAM DEFAULT CHARSET=utf8mb4 COLLATE=utf8mb4_unicode_ci;

-- Dumping data for table visitorpass.attendances: 0 rows
/*!40000 ALTER TABLE `attendances` DISABLE KEYS */;
/*!40000 ALTER TABLE `attendances` ENABLE KEYS */;

-- Dumping structure for table visitorpass.backend_menus
CREATE TABLE IF NOT EXISTS `backend_menus` (
  `id` bigint(20) unsigned NOT NULL AUTO_INCREMENT,
  `name` varchar(191) NOT NULL,
  `link` varchar(191) NOT NULL,
  `icon` varchar(191) NOT NULL,
  `status` tinyint(3) unsigned NOT NULL,
  `parent_id` int(11) NOT NULL DEFAULT 0,
  `priority` int(11) NOT NULL,
  `created_at` timestamp NULL DEFAULT NULL,
  `updated_at` timestamp NULL DEFAULT NULL,
  PRIMARY KEY (`id`)
) ENGINE=MyISAM AUTO_INCREMENT=11 DEFAULT CHARSET=utf8mb4 COLLATE=utf8mb4_unicode_ci;

-- Dumping data for table visitorpass.backend_menus: 10 rows
/*!40000 ALTER TABLE `backend_menus` DISABLE KEYS */;
REPLACE INTO `backend_menus` (`id`, `name`, `link`, `icon`, `status`, `parent_id`, `priority`, `created_at`, `updated_at`) VALUES
	(1, 'Dashboard', 'dashboard', 'fas fa-laptop', 1, 0, 9000, NULL, NULL),
	(2, 'Perfil', 'profile', 'far fa-user', 1, 0, 8900, NULL, NULL),
	(3, 'Departmentos', 'departments', 'fas fa-building', 1, 0, 8800, NULL, NULL),
	(4, 'Designaciones', 'designations', 'fas fa-layer-group', 1, 0, 8700, NULL, NULL),
	(5, 'Empleados', 'employees', 'fas fa-user-secret', 1, 0, 8600, NULL, NULL),
	(6, 'Visitantes', 'visitors', 'fas fa-walking', 1, 0, 8600, NULL, NULL),
	(7, 'Pre-registros', 'pre-registers', 'fas fa-user-friends', 1, 0, 8600, NULL, NULL),
	(8, 'Administradores', 'adminusers', 'fas fa-users', 1, 0, 8500, NULL, NULL),
	(9, 'Roles', 'role', 'fa fa-star', 1, 0, 2400, NULL, NULL),
	(10, 'Opciones', 'setting', 'fas fa-cogs', 1, 0, 2400, NULL, NULL);
/*!40000 ALTER TABLE `backend_menus` ENABLE KEYS */;

-- Dumping structure for table visitorpass.bookings
CREATE TABLE IF NOT EXISTS `bookings` (
  `id` bigint(20) unsigned NOT NULL AUTO_INCREMENT,
  `reg_no` varchar(191) NOT NULL,
  `purpose` longtext NOT NULL,
  `status` tinyint(3) unsigned NOT NULL,
  `is_pre_register` tinyint(1) NOT NULL,
  `is_group_enabled` tinyint(3) unsigned NOT NULL,
  `invitation_people_count` int(11) NOT NULL DEFAULT 0,
  `accept_invitation_count` int(11) NOT NULL DEFAULT 0,
  `attendee_count` int(11) NOT NULL DEFAULT 0,
  `start_at` datetime NOT NULL,
  `end_at` datetime NOT NULL,
  `user_id` bigint(20) unsigned NOT NULL,
  `employee_id` bigint(20) unsigned NOT NULL,
  `created_at` timestamp NULL DEFAULT NULL,
  `updated_at` timestamp NULL DEFAULT NULL,
  PRIMARY KEY (`id`),
  UNIQUE KEY `bookings_reg_no_unique` (`reg_no`)
) ENGINE=MyISAM DEFAULT CHARSET=utf8mb4 COLLATE=utf8mb4_unicode_ci;

-- Dumping data for table visitorpass.bookings: 0 rows
/*!40000 ALTER TABLE `bookings` DISABLE KEYS */;
/*!40000 ALTER TABLE `bookings` ENABLE KEYS */;

-- Dumping structure for table visitorpass.departments
CREATE TABLE IF NOT EXISTS `departments` (
  `id` bigint(20) unsigned NOT NULL AUTO_INCREMENT,
  `name` varchar(255) NOT NULL,
  `status` tinyint(3) unsigned NOT NULL,
  `created_at` timestamp NULL DEFAULT NULL,
  `updated_at` timestamp NULL DEFAULT NULL,
  PRIMARY KEY (`id`)
) ENGINE=MyISAM AUTO_INCREMENT=66 DEFAULT CHARSET=utf8mb4 COLLATE=utf8mb4_unicode_ci;

-- Dumping data for table visitorpass.departments: 7 rows
/*!40000 ALTER TABLE `departments` DISABLE KEYS */;
REPLACE INTO `departments` (`id`, `name`, `status`, `created_at`, `updated_at`) VALUES
	(25, 'Recursos Humanos', 5, NULL, NULL),
	(15, 'Recepcion', 5, NULL, NULL),
	(5, 'Gerencia', 5, NULL, NULL),
	(35, 'Planta', 5, NULL, NULL),
	(45, 'Compras', 5, NULL, NULL),
	(55, 'Ventas', 5, NULL, NULL),
	(65, 'Transportacion', 5, NULL, NULL);
/*!40000 ALTER TABLE `departments` ENABLE KEYS */;

-- Dumping structure for table visitorpass.designations
CREATE TABLE IF NOT EXISTS `designations` (
  `id` bigint(20) unsigned NOT NULL AUTO_INCREMENT,
  `name` varchar(255) NOT NULL,
  `status` tinyint(3) unsigned NOT NULL,
  `created_at` timestamp NULL DEFAULT NULL,
  `updated_at` timestamp NULL DEFAULT NULL,
  PRIMARY KEY (`id`)
) ENGINE=MyISAM AUTO_INCREMENT=316 DEFAULT CHARSET=utf8mb4 COLLATE=utf8mb4_unicode_ci;

-- Dumping data for table visitorpass.designations: 32 rows
/*!40000 ALTER TABLE `designations` DISABLE KEYS */;
REPLACE INTO `designations` (`id`, `name`, `status`, `created_at`, `updated_at`) VALUES
	(15, 'Recepcionista', 5, NULL, NULL),
	(5, 'Asistente Administrativo', 5, NULL, NULL),
	(25, 'Gerente General de Recursos Humanos', 5, NULL, NULL),
	(35, 'Gerente General', 5, NULL, NULL),
	(45, 'Generente General de Operaciones', 5, NULL, NULL),
	(55, 'Sub-Gerente Administrativo', 5, NULL, NULL),
	(65, 'Viajante de Compras', 5, NULL, NULL),
	(75, 'Encargado de Documentacion', 5, NULL, NULL),
	(85, 'Mensajero', 5, NULL, NULL),
	(95, 'Gerente General de Almacen Santiago', 5, NULL, NULL),
	(105, 'Supervisor Mandos Medios', 5, NULL, NULL),
	(115, 'Seguridad de Viajantes', 5, NULL, NULL),
	(125, 'Vigilante Nocturno', 5, NULL, NULL),
	(135, 'Conserje', 5, NULL, NULL),
	(145, 'Gerente General de Contabilidad', 5, NULL, NULL),
	(155, 'Asistente Auditoria Interna de Cacao Organico', 5, NULL, NULL),
	(165, 'Encargado de Auditoria Interna de Cacao Organico', 5, NULL, NULL),
	(175, 'Asistente del Gerente General', 5, NULL, NULL),
	(185, 'Encargado Cuentas por Pagar', 5, NULL, NULL),
	(195, 'Asistente Gerente de Operaciones', 5, NULL, NULL),
	(205, 'Mecanico', 5, NULL, NULL),
	(215, 'Caja General', 5, NULL, NULL),
	(225, 'Encargado Area de Frutos y Ahorrantes', 5, NULL, NULL),
	(235, 'Chofer de Camion', 5, NULL, NULL),
	(245, 'Asistente de Recursos Humanos', 5, NULL, NULL),
	(255, 'Mantenimiento', 5, NULL, NULL),
	(265, 'Asistente de Contabilidad', 5, NULL, NULL),
	(275, 'Servicio al Cliente', 5, NULL, NULL),
	(285, 'Ayudante de Mecanica', 5, NULL, NULL),
	(295, 'Ayudante de Camion', 5, NULL, NULL),
	(305, 'Vendedor Informal', 5, NULL, NULL),
	(315, 'Cajero', 5, NULL, NULL);
/*!40000 ALTER TABLE `designations` ENABLE KEYS */;

-- Dumping structure for table visitorpass.employees
CREATE TABLE IF NOT EXISTS `employees` (
  `id` bigint(20) unsigned NOT NULL AUTO_INCREMENT,
  `first_name` varchar(20) NOT NULL,
  `last_name` varchar(20) NOT NULL,
  `phone` varchar(191) NOT NULL,
  `nickname` varchar(191) DEFAULT NULL,
  `display_name` varchar(191) DEFAULT NULL,
  `gender` tinyint(3) unsigned NOT NULL,
  `official_identification_number` varchar(255) DEFAULT NULL,
  `date_of_joining` date DEFAULT NULL,
  `status` tinyint(3) unsigned NOT NULL,
  `user_id` bigint(20) unsigned NOT NULL,
  `department_id` bigint(20) unsigned NOT NULL,
  `designation_id` bigint(20) unsigned NOT NULL,
  `about` longtext DEFAULT NULL,
  `creator_type` varchar(191) NOT NULL,
  `creator_id` bigint(20) unsigned NOT NULL,
  `editor_type` varchar(191) NOT NULL,
  `editor_id` bigint(20) unsigned NOT NULL,
  `created_at` timestamp NULL DEFAULT NULL,
  `updated_at` timestamp NULL DEFAULT NULL,
  PRIMARY KEY (`id`),
  KEY `employees_creator_type_creator_id_index` (`creator_type`,`creator_id`),
  KEY `employees_editor_type_editor_id_index` (`editor_type`,`editor_id`)
) ENGINE=MyISAM AUTO_INCREMENT=316 DEFAULT CHARSET=utf8mb4 COLLATE=utf8mb4_unicode_ci;

-- Dumping data for table visitorpass.employees: 27 rows
/*!40000 ALTER TABLE `employees` DISABLE KEYS */;
REPLACE INTO `employees` (`id`, `first_name`, `last_name`, `phone`, `nickname`, `display_name`, `gender`, `official_identification_number`, `date_of_joining`, `status`, `user_id`, `department_id`, `designation_id`, `about`, `creator_type`, `creator_id`, `editor_type`, `editor_id`, `created_at`, `updated_at`) VALUES
	(5, 'Jose', 'Castellanos', '8095751512 Etx.238', NULL, NULL, 5, NULL, '2016-10-17', 5, 5, 5, 5, NULL, 'App\\User', 1, 'App\\User', 1, '2021-06-10 09:12:46', '2021-06-10 09:12:46'),
	(15, 'Ana', 'Rodriguez', '8095751512 Etx.225', NULL, NULL, 10, NULL, '2015-11-12', 5, 15, 5, 5, NULL, 'App\\User', 1, 'App\\User', 1, '2021-06-10 10:07:17', '2021-06-10 10:43:56'),
	(25, 'Ruth', 'Infante', '8095751512 Etx.221', NULL, NULL, 10, NULL, '2020-11-10', 5, 25, 15, 15, NULL, 'App\\User', 1, 'App\\User', 1, '2021-06-10 10:42:26', '2021-06-10 10:42:39'),
	(35, 'Sandra', 'Grullon', '8095751512 Etx.226', NULL, NULL, 10, NULL, '2018-06-06', 5, 35, 25, 25, NULL, 'App\\User', 1, 'App\\User', 1, '2021-06-10 14:50:35', '2021-06-10 14:50:35'),
	(45, 'Paulo', 'Paiewonsky', '8095751512', NULL, NULL, 5, NULL, NULL, 5, 55, 15, 35, NULL, 'App\\User', 1, 'App\\User', 1, '2021-06-14 09:43:43', '2021-06-14 09:43:43'),
	(55, 'Ricardo', 'Talue', '8095751512', NULL, NULL, 5, NULL, NULL, 5, 65, 5, 45, NULL, 'App\\User', 1, 'App\\User', 1, '2021-06-14 10:09:33', '2021-06-14 10:09:33'),
	(65, 'Rosanna', 'Santos', '8095751512', NULL, NULL, 10, NULL, NULL, 5, 75, 5, 55, NULL, 'App\\User', 1, 'App\\User', 1, '2021-06-14 10:10:46', '2021-06-14 10:13:20'),
	(75, 'Domingo', 'Genao', '8095751512', NULL, NULL, 5, NULL, NULL, 5, 85, 45, 65, NULL, 'App\\User', 1, 'App\\User', 1, '2021-06-14 10:15:56', '2021-06-14 10:15:56'),
	(85, 'Nersida', 'Cruz', '8095751512', NULL, NULL, 10, NULL, NULL, 5, 95, 5, 75, NULL, 'App\\User', 1, 'App\\User', 1, '2021-06-14 11:19:36', '2021-06-14 11:19:36'),
	(95, 'Juan Tobias', 'Cruz', '8095751512', NULL, NULL, 5, NULL, NULL, 5, 105, 5, 85, NULL, 'App\\User', 1, 'App\\User', 1, '2021-06-14 11:20:55', '2021-06-14 11:20:55'),
	(105, 'Luis', 'Espinal', '8095751512', NULL, NULL, 5, NULL, NULL, 5, 115, 5, 95, NULL, 'App\\User', 1, 'App\\User', 1, '2021-06-14 11:21:49', '2021-06-14 11:21:49'),
	(195, 'Ariela', 'Peralta', '8095751512', NULL, NULL, 5, NULL, '2021-07-13', 5, 205, 5, 315, NULL, 'App\\User', 1, 'App\\User', 1, '2021-07-13 14:34:07', '2021-07-13 14:34:07'),
	(125, 'Gilberto', 'Matinez', '80957571512', NULL, NULL, 5, NULL, NULL, 5, 135, 45, 65, NULL, 'App\\User', 1, 'App\\User', 1, '2021-06-14 11:41:04', '2021-06-14 11:41:04'),
	(205, 'Lety', 'Perez Santana', '8095751512', NULL, NULL, 10, NULL, '2021-07-13', 5, 215, 5, 175, NULL, 'App\\User', 1, 'App\\User', 1, '2021-07-13 14:35:10', '2021-07-13 14:35:10'),
	(145, 'Rafael', 'Parra', '80957571512', NULL, NULL, 5, NULL, NULL, 5, 155, 15, 125, NULL, 'App\\User', 1, 'App\\User', 1, '2021-06-14 13:03:52', '2021-06-14 13:03:52'),
	(215, 'Paola', 'Cruz Corona', '8095751512', NULL, NULL, 10, NULL, '2021-07-13', 5, 225, 5, 175, NULL, 'App\\User', 1, 'App\\User', 1, '2021-07-13 14:36:34', '2021-07-13 14:37:50'),
	(165, 'Vendedor', 'Informal', '8095751512', NULL, NULL, 5, NULL, NULL, 5, 175, 35, 305, NULL, 'App\\User', 1, 'App\\User', 1, '2021-06-18 17:10:02', '2021-06-18 17:10:51'),
	(225, 'Yaniris', 'Vidal Perez', '8095751512', NULL, NULL, 10, NULL, '2021-07-13', 5, 235, 5, 195, NULL, 'App\\User', 1, 'App\\User', 1, '2021-07-13 14:37:34', '2021-07-13 14:37:44'),
	(235, 'Domingo', 'Martinez', '8095751512', NULL, NULL, 5, NULL, '2021-07-13', 5, 245, 5, 65, NULL, 'App\\User', 1, 'App\\User', 1, '2021-07-13 14:39:20', '2021-07-13 14:39:20'),
	(245, 'Yeraldin', 'Mejia', '8095751512', NULL, NULL, 5, NULL, '2021-07-13', 5, 255, 5, 185, NULL, 'App\\User', 1, 'App\\User', 1, '2021-07-13 14:41:04', '2021-07-13 14:41:04'),
	(255, 'Yoselin', 'Mena Cordero', '8095751512', NULL, NULL, 10, NULL, '2021-07-13', 5, 265, 5, 145, NULL, 'App\\User', 1, 'App\\User', 1, '2021-07-13 14:42:14', '2021-07-13 14:42:14'),
	(265, 'Wanda de Jesus', 'Veras de Matinez', '8095751512', NULL, NULL, 10, NULL, '2021-12-03', 5, 275, 25, 245, NULL, 'App\\User', 1, 'App\\User', 1, '2021-12-03 16:09:43', '2021-12-03 16:09:43'),
	(275, 'Erika Antonia', 'Popoteur Torres', '8095751512', NULL, NULL, 10, NULL, '2021-12-03', 5, 285, 5, 225, NULL, 'App\\User', 1, 'App\\User', 1, '2021-12-03 16:12:28', '2021-12-03 16:17:06'),
	(285, 'Sorilenny', 'Alcantara Moreta', '8095751512', NULL, NULL, 10, NULL, '2021-12-03', 5, 295, 5, 265, NULL, 'App\\User', 1, 'App\\User', 1, '2021-12-03 16:13:45', '2021-12-03 16:13:45'),
	(295, 'Edindon Salvador', 'Ureña Diaz', '8095751512', NULL, NULL, 5, NULL, '2021-12-03', 5, 305, 35, 255, NULL, 'App\\User', 1, 'App\\User', 1, '2021-12-03 16:15:00', '2021-12-03 16:15:00'),
	(305, 'Albania', 'Polanco Jimenez', '8095751512', NULL, NULL, 10, NULL, '2021-12-03', 5, 315, 5, 165, NULL, 'App\\User', 1, 'App\\User', 1, '2021-12-03 16:15:59', '2021-12-03 16:15:59'),
	(315, 'jaymi', 'Mejia Pichardo', '8095751512', NULL, NULL, 10, NULL, '2021-12-03', 5, 325, 25, 245, NULL, 'App\\User', 1, 'App\\User', 1, '2021-12-03 16:16:52', '2021-12-03 16:16:52');
/*!40000 ALTER TABLE `employees` ENABLE KEYS */;

-- Dumping structure for table visitorpass.failed_jobs
CREATE TABLE IF NOT EXISTS `failed_jobs` (
  `id` bigint(20) unsigned NOT NULL AUTO_INCREMENT,
  `connection` text NOT NULL,
  `queue` text NOT NULL,
  `payload` longtext NOT NULL,
  `exception` longtext NOT NULL,
  `failed_at` timestamp NOT NULL DEFAULT current_timestamp(),
  PRIMARY KEY (`id`)
) ENGINE=MyISAM DEFAULT CHARSET=utf8mb4 COLLATE=utf8mb4_unicode_ci;

-- Dumping data for table visitorpass.failed_jobs: 0 rows
/*!40000 ALTER TABLE `failed_jobs` DISABLE KEYS */;
/*!40000 ALTER TABLE `failed_jobs` ENABLE KEYS */;

-- Dumping structure for table visitorpass.invitations
CREATE TABLE IF NOT EXISTS `invitations` (
  `id` bigint(20) unsigned NOT NULL AUTO_INCREMENT,
  `name` varchar(191) NOT NULL,
  `email` varchar(191) NOT NULL,
  `booking_id` bigint(20) unsigned NOT NULL,
  `visitor_id` bigint(20) unsigned DEFAULT NULL,
  `status` tinyint(3) unsigned NOT NULL,
  `checkin_at` datetime DEFAULT NULL,
  `checkout_at` datetime DEFAULT NULL,
  `iuid` varchar(191) DEFAULT NULL,
  `activation_token` varchar(191) DEFAULT NULL,
  `created_at` timestamp NULL DEFAULT NULL,
  `updated_at` timestamp NULL DEFAULT NULL,
  PRIMARY KEY (`id`)
) ENGINE=MyISAM DEFAULT CHARSET=utf8mb4 COLLATE=utf8mb4_unicode_ci;

-- Dumping data for table visitorpass.invitations: 0 rows
/*!40000 ALTER TABLE `invitations` DISABLE KEYS */;
/*!40000 ALTER TABLE `invitations` ENABLE KEYS */;

-- Dumping structure for table visitorpass.jobs
CREATE TABLE IF NOT EXISTS `jobs` (
  `id` bigint(20) unsigned NOT NULL AUTO_INCREMENT,
  `queue` varchar(191) NOT NULL,
  `payload` longtext NOT NULL,
  `attempts` tinyint(3) unsigned NOT NULL,
  `reserved_at` int(10) unsigned DEFAULT NULL,
  `available_at` int(10) unsigned NOT NULL,
  `created_at` int(10) unsigned NOT NULL,
  PRIMARY KEY (`id`),
  KEY `jobs_queue_index` (`queue`)
) ENGINE=MyISAM DEFAULT CHARSET=utf8mb4 COLLATE=utf8mb4_unicode_ci;

-- Dumping data for table visitorpass.jobs: 0 rows
/*!40000 ALTER TABLE `jobs` DISABLE KEYS */;
/*!40000 ALTER TABLE `jobs` ENABLE KEYS */;

-- Dumping structure for table visitorpass.media
CREATE TABLE IF NOT EXISTS `media` (
  `id` bigint(20) unsigned NOT NULL AUTO_INCREMENT,
  `model_type` varchar(191) NOT NULL,
  `model_id` bigint(20) unsigned NOT NULL,
  `collection_name` varchar(191) NOT NULL,
  `name` varchar(191) NOT NULL,
  `file_name` varchar(191) NOT NULL,
  `mime_type` varchar(191) DEFAULT NULL,
  `disk` varchar(191) NOT NULL,
  `size` bigint(20) unsigned NOT NULL,
  `manipulations` longtext NOT NULL,
  `custom_properties` longtext NOT NULL,
  `responsive_images` longtext NOT NULL,
  `order_column` int(10) unsigned DEFAULT NULL,
  `created_at` timestamp NULL DEFAULT NULL,
  `updated_at` timestamp NULL DEFAULT NULL,
  PRIMARY KEY (`id`),
  KEY `media_model_type_model_id_index` (`model_type`,`model_id`)
) ENGINE=MyISAM DEFAULT CHARSET=utf8mb4 COLLATE=utf8mb4_unicode_ci;

-- Dumping data for table visitorpass.media: 0 rows
/*!40000 ALTER TABLE `media` DISABLE KEYS */;
/*!40000 ALTER TABLE `media` ENABLE KEYS */;

-- Dumping structure for table visitorpass.migrations
CREATE TABLE IF NOT EXISTS `migrations` (
  `id` int(10) unsigned NOT NULL AUTO_INCREMENT,
  `migration` varchar(191) NOT NULL,
  `batch` int(11) NOT NULL,
  PRIMARY KEY (`id`)
) ENGINE=MyISAM AUTO_INCREMENT=20 DEFAULT CHARSET=utf8mb4 COLLATE=utf8mb4_unicode_ci;

-- Dumping data for table visitorpass.migrations: 19 rows
/*!40000 ALTER TABLE `migrations` DISABLE KEYS */;
REPLACE INTO `migrations` (`id`, `migration`, `batch`) VALUES
	(1, '2014_10_12_000000_create_users_table', 1),
	(2, '2014_10_12_100000_create_password_resets_table', 1),
	(3, '2018_10_25_043002_create_pre_registers_table', 1),
	(4, '2019_08_19_000000_create_failed_jobs_table', 1),
	(5, '2020_04_06_130203_create_designations_table', 1),
	(6, '2020_04_06_130245_create_departments_table', 1),
	(7, '2020_04_06_130356_create_employees_table', 1),
	(8, '2020_04_06_130500_create_attendances_table', 1),
	(9, '2020_04_06_130652_create_visitors_table', 1),
	(10, '2020_04_06_130653_create_bookings_table', 1),
	(11, '2020_04_06_130653_create_visiting_details_table', 1),
	(12, '2020_04_06_130654_create_invitations_table', 1),
	(13, '2020_04_16_063722_create_settings_table', 1),
	(14, '2020_04_16_064701_create_media_table', 1),
	(15, '2020_04_16_113855_create_jobs_table', 1),
	(16, '2020_05_07_111209_create_notifications_table', 1),
	(17, '2020_09_09_043116_create_permission_tables', 1),
	(18, '2020_09_10_080029_create_backend_menus_table', 1),
	(19, '2020_09_28_181710_alter_settings_table', 1);
/*!40000 ALTER TABLE `migrations` ENABLE KEYS */;

-- Dumping structure for table visitorpass.model_has_permissions
CREATE TABLE IF NOT EXISTS `model_has_permissions` (
  `permission_id` bigint(20) unsigned NOT NULL,
  `model_type` varchar(191) NOT NULL,
  `model_id` bigint(20) unsigned NOT NULL,
  PRIMARY KEY (`permission_id`,`model_id`,`model_type`),
  KEY `model_has_permissions_model_id_model_type_index` (`model_id`,`model_type`)
) ENGINE=MyISAM DEFAULT CHARSET=utf8mb4 COLLATE=utf8mb4_unicode_ci;

-- Dumping data for table visitorpass.model_has_permissions: 38 rows
/*!40000 ALTER TABLE `model_has_permissions` DISABLE KEYS */;
REPLACE INTO `model_has_permissions` (`permission_id`, `model_type`, `model_id`) VALUES
	(1, 'App\\User', 1),
	(2, 'App\\User', 1),
	(3, 'App\\User', 1),
	(4, 'App\\User', 1),
	(5, 'App\\User', 1),
	(6, 'App\\User', 1),
	(7, 'App\\User', 1),
	(8, 'App\\User', 1),
	(9, 'App\\User', 1),
	(10, 'App\\User', 1),
	(11, 'App\\User', 1),
	(12, 'App\\User', 1),
	(13, 'App\\User', 1),
	(14, 'App\\User', 1),
	(15, 'App\\User', 1),
	(16, 'App\\User', 1),
	(17, 'App\\User', 1),
	(18, 'App\\User', 1),
	(19, 'App\\User', 1),
	(20, 'App\\User', 1),
	(21, 'App\\User', 1),
	(22, 'App\\User', 1),
	(23, 'App\\User', 1),
	(24, 'App\\User', 1),
	(25, 'App\\User', 1),
	(26, 'App\\User', 1),
	(27, 'App\\User', 1),
	(28, 'App\\User', 1),
	(29, 'App\\User', 1),
	(30, 'App\\User', 1),
	(31, 'App\\User', 1),
	(32, 'App\\User', 1),
	(33, 'App\\User', 1),
	(34, 'App\\User', 1),
	(35, 'App\\User', 1),
	(36, 'App\\User', 1),
	(37, 'App\\User', 1),
	(38, 'App\\User', 1);
/*!40000 ALTER TABLE `model_has_permissions` ENABLE KEYS */;

-- Dumping structure for table visitorpass.model_has_roles
CREATE TABLE IF NOT EXISTS `model_has_roles` (
  `role_id` bigint(20) unsigned NOT NULL,
  `model_type` varchar(191) NOT NULL,
  `model_id` bigint(20) unsigned NOT NULL,
  PRIMARY KEY (`role_id`,`model_id`,`model_type`),
  KEY `model_has_roles_model_id_model_type_index` (`model_id`,`model_type`)
) ENGINE=MyISAM DEFAULT CHARSET=utf8mb4 COLLATE=utf8mb4_unicode_ci;

-- Dumping data for table visitorpass.model_has_roles: 35 rows
/*!40000 ALTER TABLE `model_has_roles` DISABLE KEYS */;
REPLACE INTO `model_has_roles` (`role_id`, `model_type`, `model_id`) VALUES
	(1, 'App\\User', 1),
	(2, 'App\\User', 3),
	(2, 'App\\User', 5),
	(2, 'App\\User', 15),
	(2, 'App\\User', 25),
	(2, 'App\\User', 35),
	(2, 'App\\User', 45),
	(2, 'App\\User', 55),
	(2, 'App\\User', 65),
	(2, 'App\\User', 75),
	(2, 'App\\User', 85),
	(2, 'App\\User', 95),
	(2, 'App\\User', 105),
	(2, 'App\\User', 115),
	(2, 'App\\User', 125),
	(2, 'App\\User', 135),
	(2, 'App\\User', 145),
	(2, 'App\\User', 155),
	(2, 'App\\User', 165),
	(2, 'App\\User', 175),
	(2, 'App\\User', 185),
	(2, 'App\\User', 195),
	(2, 'App\\User', 205),
	(2, 'App\\User', 215),
	(2, 'App\\User', 225),
	(2, 'App\\User', 235),
	(2, 'App\\User', 245),
	(2, 'App\\User', 255),
	(2, 'App\\User', 265),
	(2, 'App\\User', 275),
	(2, 'App\\User', 285),
	(2, 'App\\User', 295),
	(2, 'App\\User', 305),
	(2, 'App\\User', 315),
	(2, 'App\\User', 325);
/*!40000 ALTER TABLE `model_has_roles` ENABLE KEYS */;

-- Dumping structure for table visitorpass.notifications
CREATE TABLE IF NOT EXISTS `notifications` (
  `id` char(36) NOT NULL,
  `type` varchar(191) NOT NULL,
  `notifiable_type` varchar(191) NOT NULL,
  `notifiable_id` bigint(20) unsigned NOT NULL,
  `data` text NOT NULL,
  `read_at` timestamp NULL DEFAULT NULL,
  `created_at` timestamp NULL DEFAULT NULL,
  `updated_at` timestamp NULL DEFAULT NULL,
  PRIMARY KEY (`id`),
  KEY `notifications_notifiable_type_notifiable_id_index` (`notifiable_type`,`notifiable_id`)
) ENGINE=MyISAM DEFAULT CHARSET=utf8mb4 COLLATE=utf8mb4_unicode_ci;

-- Dumping data for table visitorpass.notifications: 0 rows
/*!40000 ALTER TABLE `notifications` DISABLE KEYS */;
/*!40000 ALTER TABLE `notifications` ENABLE KEYS */;

-- Dumping structure for table visitorpass.password_resets
CREATE TABLE IF NOT EXISTS `password_resets` (
  `email` varchar(191) NOT NULL,
  `token` varchar(191) NOT NULL,
  `created_at` timestamp NULL DEFAULT NULL,
  KEY `password_resets_email_index` (`email`)
) ENGINE=MyISAM DEFAULT CHARSET=utf8mb4 COLLATE=utf8mb4_unicode_ci;

-- Dumping data for table visitorpass.password_resets: 0 rows
/*!40000 ALTER TABLE `password_resets` DISABLE KEYS */;
/*!40000 ALTER TABLE `password_resets` ENABLE KEYS */;

-- Dumping structure for table visitorpass.permissions
CREATE TABLE IF NOT EXISTS `permissions` (
  `id` bigint(20) unsigned NOT NULL AUTO_INCREMENT,
  `name` varchar(191) NOT NULL,
  `guard_name` varchar(191) NOT NULL,
  `created_at` timestamp NULL DEFAULT NULL,
  `updated_at` timestamp NULL DEFAULT NULL,
  PRIMARY KEY (`id`)
) ENGINE=MyISAM AUTO_INCREMENT=39 DEFAULT CHARSET=utf8mb4 COLLATE=utf8mb4_unicode_ci;

-- Dumping data for table visitorpass.permissions: 38 rows
/*!40000 ALTER TABLE `permissions` DISABLE KEYS */;
REPLACE INTO `permissions` (`id`, `name`, `guard_name`, `created_at`, `updated_at`) VALUES
	(1, 'dashboard', 'web', NULL, NULL),
	(2, 'profile', 'web', NULL, NULL),
	(3, 'designations', 'web', NULL, NULL),
	(4, 'designations_create', 'web', NULL, NULL),
	(5, 'designations_edit', 'web', NULL, NULL),
	(6, 'designations_delete', 'web', NULL, NULL),
	(7, 'designations_show', 'web', NULL, NULL),
	(8, 'departments', 'web', NULL, NULL),
	(9, 'departments_create', 'web', NULL, NULL),
	(10, 'departments_edit', 'web', NULL, NULL),
	(11, 'departments_delete', 'web', NULL, NULL),
	(12, 'departments_show', 'web', NULL, NULL),
	(13, 'employees', 'web', NULL, NULL),
	(14, 'employees_create', 'web', NULL, NULL),
	(15, 'employees_edit', 'web', NULL, NULL),
	(16, 'employees_delete', 'web', NULL, NULL),
	(17, 'employees_show', 'web', NULL, NULL),
	(18, 'visitors', 'web', NULL, NULL),
	(19, 'visitors_create', 'web', NULL, NULL),
	(20, 'visitors_edit', 'web', NULL, NULL),
	(21, 'visitors_delete', 'web', NULL, NULL),
	(22, 'visitors_show', 'web', NULL, NULL),
	(23, 'pre-registers', 'web', NULL, NULL),
	(24, 'pre-registers_create', 'web', NULL, NULL),
	(25, 'pre-registers_edit', 'web', NULL, NULL),
	(26, 'pre-registers_delete', 'web', NULL, NULL),
	(27, 'pre-registers_show', 'web', NULL, NULL),
	(28, 'adminusers', 'web', NULL, NULL),
	(29, 'adminusers_create', 'web', NULL, NULL),
	(30, 'adminusers_edit', 'web', NULL, NULL),
	(31, 'adminusers_delete', 'web', NULL, NULL),
	(32, 'adminusers_show', 'web', NULL, NULL),
	(33, 'role', 'web', NULL, NULL),
	(34, 'role_create', 'web', NULL, NULL),
	(35, 'role_edit', 'web', NULL, NULL),
	(36, 'role_delete', 'web', NULL, NULL),
	(37, 'role_show', 'web', NULL, NULL),
	(38, 'setting', 'web', NULL, NULL);
/*!40000 ALTER TABLE `permissions` ENABLE KEYS */;

-- Dumping structure for table visitorpass.pre_registers
CREATE TABLE IF NOT EXISTS `pre_registers` (
  `id` int(10) unsigned NOT NULL AUTO_INCREMENT,
  `expected_date` date NOT NULL,
  `expected_time` time NOT NULL,
  `employee_id` bigint(20) unsigned NOT NULL,
  `visitor_id` int(10) unsigned NOT NULL,
  `comment` varchar(191) DEFAULT NULL,
  `creator_type` varchar(191) NOT NULL,
  `creator_id` bigint(20) unsigned NOT NULL,
  `editor_type` varchar(191) NOT NULL,
  `editor_id` bigint(20) unsigned NOT NULL,
  `created_at` timestamp NULL DEFAULT NULL,
  `updated_at` timestamp NULL DEFAULT NULL,
  PRIMARY KEY (`id`),
  KEY `pre_registers_creator_type_creator_id_index` (`creator_type`,`creator_id`),
  KEY `pre_registers_editor_type_editor_id_index` (`editor_type`,`editor_id`)
) ENGINE=MyISAM AUTO_INCREMENT=47 DEFAULT CHARSET=utf8mb4 COLLATE=utf8mb4_unicode_ci;

-- Dumping data for table visitorpass.pre_registers: 1 rows
/*!40000 ALTER TABLE `pre_registers` DISABLE KEYS */;
REPLACE INTO `pre_registers` (`id`, `expected_date`, `expected_time`, `employee_id`, `visitor_id`, `comment`, `creator_type`, `creator_id`, `editor_type`, `editor_id`, `created_at`, `updated_at`) VALUES
	(46, '2024-07-15', '14:00:00', 225, 16567, 'FUMIGAR&nbsp;', 'App\\User', 25, 'App\\User', 25, '2024-07-15 13:57:01', '2024-07-15 13:57:01');
/*!40000 ALTER TABLE `pre_registers` ENABLE KEYS */;

-- Dumping structure for table visitorpass.roles
CREATE TABLE IF NOT EXISTS `roles` (
  `id` bigint(20) unsigned NOT NULL AUTO_INCREMENT,
  `name` varchar(191) NOT NULL,
  `guard_name` varchar(191) NOT NULL,
  `created_at` timestamp NULL DEFAULT NULL,
  `updated_at` timestamp NULL DEFAULT NULL,
  PRIMARY KEY (`id`)
) ENGINE=MyISAM AUTO_INCREMENT=4 DEFAULT CHARSET=utf8mb4 COLLATE=utf8mb4_unicode_ci;

-- Dumping data for table visitorpass.roles: 3 rows
/*!40000 ALTER TABLE `roles` DISABLE KEYS */;
REPLACE INTO `roles` (`id`, `name`, `guard_name`, `created_at`, `updated_at`) VALUES
	(1, 'Administrador', 'web', '2021-02-03 23:34:58', '2021-02-03 23:34:58'),
	(2, 'Empleado', 'web', '2021-02-03 23:34:58', '2021-02-03 23:34:58'),
	(3, 'Recepcion', 'web', '2021-02-03 23:34:58', '2021-02-03 23:34:58');
/*!40000 ALTER TABLE `roles` ENABLE KEYS */;

-- Dumping structure for table visitorpass.role_has_permissions
CREATE TABLE IF NOT EXISTS `role_has_permissions` (
  `permission_id` bigint(20) unsigned NOT NULL,
  `role_id` bigint(20) unsigned NOT NULL,
  PRIMARY KEY (`permission_id`,`role_id`),
  KEY `role_has_permissions_role_id_foreign` (`role_id`)
) ENGINE=MyISAM DEFAULT CHARSET=utf8mb4 COLLATE=utf8mb4_unicode_ci;

-- Dumping data for table visitorpass.role_has_permissions: 64 rows
/*!40000 ALTER TABLE `role_has_permissions` DISABLE KEYS */;
REPLACE INTO `role_has_permissions` (`permission_id`, `role_id`) VALUES
	(1, 1),
	(1, 2),
	(1, 3),
	(2, 1),
	(2, 2),
	(2, 3),
	(3, 1),
	(4, 1),
	(5, 1),
	(6, 1),
	(7, 1),
	(8, 1),
	(9, 1),
	(10, 1),
	(11, 1),
	(12, 1),
	(13, 1),
	(13, 2),
	(13, 3),
	(14, 1),
	(15, 1),
	(16, 1),
	(17, 1),
	(17, 2),
	(17, 3),
	(18, 1),
	(18, 2),
	(18, 3),
	(19, 1),
	(19, 2),
	(19, 3),
	(20, 1),
	(20, 2),
	(20, 3),
	(21, 1),
	(22, 1),
	(22, 2),
	(22, 3),
	(23, 1),
	(23, 2),
	(23, 3),
	(24, 1),
	(24, 2),
	(24, 3),
	(25, 1),
	(25, 2),
	(25, 3),
	(26, 1),
	(26, 2),
	(26, 3),
	(27, 1),
	(27, 2),
	(27, 3),
	(28, 1),
	(29, 1),
	(30, 1),
	(31, 1),
	(32, 1),
	(33, 1),
	(34, 1),
	(35, 1),
	(36, 1),
	(37, 1),
	(38, 1);
/*!40000 ALTER TABLE `role_has_permissions` ENABLE KEYS */;

-- Dumping structure for table visitorpass.settings
CREATE TABLE IF NOT EXISTS `settings` (
  `id` bigint(20) unsigned NOT NULL AUTO_INCREMENT,
  `key` varchar(191) NOT NULL,
  `value` text DEFAULT NULL,
  PRIMARY KEY (`id`)
) ENGINE=MyISAM AUTO_INCREMENT=36 DEFAULT CHARSET=utf8mb4 COLLATE=utf8mb4_unicode_ci;

-- Dumping data for table visitorpass.settings: 30 rows
/*!40000 ALTER TABLE `settings` DISABLE KEYS */;
REPLACE INTO `settings` (`id`, `key`, `value`) VALUES
	(1, 'site_name', 'Sistema de Visitantes'),
	(2, 'site_email', 'info@josepaiewonsky.com'),
	(3, 'site_phone_number', '+8095751512'),
	(4, 'site_logo', 'site_logo.png'),
	(5, 'site_footer', 'Grupo Paiewonsky @ Todos los derechos reservados'),
	(6, 'site_address', 'Avenida Estrella Sadhala #84, Santiago, República Dominicana'),
	(7, 'site_description', 'Sistema de Manejo de Visitantes'),
	(8, 'notify_templates', '<p>Hola! Tienes una Nueva Visita</p>'),
	(9, 'notifications_email', '0'),
	(10, 'invite_templates', 'Hola!'),
	(11, 'notifications_sms', '0'),
	(12, 'sms_gateway', '1'),
	(13, 'front_end_enable_disable', '1'),
	(14, 'terms_condition', 'Terms condition'),
	(15, 'welcome_screen', '<p>Bienvenido, Click en el boton para registrar visitantes</p>'),
	(16, 'timezone', 'America/Santo_Domingo'),
	(17, 'twilio_auth_token', ''),
	(18, 'twilio_account_sid', ''),
	(19, 'twilio_from', ''),
	(20, 'twilio_disabled', '1'),
	(21, 'mail_host', ''),
	(22, 'mail_port', ''),
	(23, 'mail_username', ''),
	(24, 'mail_password', ''),
	(25, 'mail_from_name', ''),
	(26, 'mail_from_address', ''),
	(27, 'mail_disabled', '1'),
	(28, 'purchase_code', ''),
	(29, 'purchase_username', ''),
	(35, 'visitor_agreement', '0');
/*!40000 ALTER TABLE `settings` ENABLE KEYS */;

-- Dumping structure for table visitorpass.users
CREATE TABLE IF NOT EXISTS `users` (
  `id` bigint(20) unsigned NOT NULL AUTO_INCREMENT,
  `first_name` varchar(191) NOT NULL,
  `last_name` varchar(191) NOT NULL,
  `email` varchar(191) NOT NULL,
  `username` varchar(191) NOT NULL,
  `email_verified_at` timestamp NULL DEFAULT NULL,
  `password` varchar(191) NOT NULL,
  `phone` varchar(191) DEFAULT NULL,
  `address` longtext DEFAULT NULL,
  `last_login_at` timestamp NULL DEFAULT NULL,
  `remember_token` varchar(100) DEFAULT NULL,
  `created_at` timestamp NULL DEFAULT NULL,
  `updated_at` timestamp NULL DEFAULT NULL,
  PRIMARY KEY (`id`),
  UNIQUE KEY `users_username_unique` (`username`)
) ENGINE=MyISAM AUTO_INCREMENT=326 DEFAULT CHARSET=utf8mb4 COLLATE=utf8mb4_unicode_ci;

-- Dumping data for table visitorpass.users: 35 rows
/*!40000 ALTER TABLE `users` DISABLE KEYS */;
REPLACE INTO `users` (`id`, `first_name`, `last_name`, `email`, `username`, `email_verified_at`, `password`, `phone`, `address`, `last_login_at`, `remember_token`, `created_at`, `updated_at`) VALUES
	(1, 'Onishell', 'Tiburcio', 'onishelltib@gmail.com', 'admin', NULL, '$2y$10$lElX2HTcd4NW8I6tMcL/c.n2DcJARw3BYUQpSHHdW/cpSXnfoOHKi', '8095751512', 'Santiago, Republica Dominicana', NULL, 'OU84vHiTcW2zYXclmVOuYav3vq2g6jzPOAlxYM1AJFTIbnAWgzOcvosbOKOP', '2021-02-03 23:35:00', '2021-06-14 09:16:35'),
	(15, 'Ana', 'Rodriguez', 'ana@josepaiewonsky.com', 'ana730139742', NULL, '$2y$10$w0gubi5xPBSwn77wk4O8geDESapBe/OeuoocRJhfahpV0pw3KpHra', '8095751512 Etx.225', NULL, NULL, NULL, '2021-06-10 10:07:17', '2021-06-10 10:43:56'),
	(3, 'Alexandra', 'Doe', 'empleado@system.com', 'employee', NULL, '$2y$10$v9RnY7ZCZo6qv8fZoI.6/Ok1OrFP9s55.xUgZR4zrNFWtF90IfSoG', '+15005550007', 'Santiago, Republica Dominicana', NULL, 'aX6vn6LmPr', '2021-02-03 23:35:00', '2021-02-03 23:35:00'),
	(5, 'Jose', 'Castellanos', 'castellanos@josepaiewonsky.com', 'castellanos943110152', NULL, '$2y$10$jorwrKg3RDeb2K3a26mfROMiE39jFxcXcP7xNFFQtxKMGc3xFrJj.', '8095751512 Etx.238', NULL, NULL, 'dwQkNn8i1Kr2P74Ef6uYBzSuFGt3bLNK0ECYNefSgDEDhgG5Ncm9jKjPpZ7R', '2021-06-10 09:12:46', '2021-06-10 09:12:46'),
	(25, 'Ruth', 'Infante', 'ruthesther@josepaiewonsky.com', 'ruthesther1389009480', NULL, '$2y$10$J4kGV3bJi8isb8v4B8zyx.JU6Pqh7Gnz.LBXoT.kne/BtEKjfbFDK', '809-575-1512 Ext.221', NULL, NULL, 'KyYmOZ9tjew8JWnXnCLBD5DqrBZ631ik1pVQnt2wBXSxHBwtFOo2L7NjqYvr', '2021-06-10 10:42:26', '2021-06-21 16:15:58'),
	(35, 'Sandra', 'Grullon', 'sandra@josepaiewonsky.com', 'sandra407126531', NULL, '$2y$10$Nk1CRSuqXfjKzkhMTTGbEukqSucrLqVS9osTSDRFBbLrlNhBrwySi', '8095751512 Etx.226', NULL, NULL, NULL, '2021-06-10 14:50:34', '2021-06-10 14:50:34'),
	(45, 'Paulo', 'Paiewonsky', 'paulo@josepaiewonsky.com', 'paulo1307349008', NULL, '$2y$10$RxkRP7G80s.7Kz1G7o8LpOb5z.5loOfYlkHYy1C247HJe4HP8OvBm', '8095751512', NULL, NULL, NULL, '2021-06-14 09:20:52', '2021-06-14 09:20:52'),
	(55, 'Paulo', 'Paiewonsky', 'paulo@josepaiewonsky.com', 'paulo300241977', NULL, '$2y$10$Xn8PmPW5uvmHmX6bgDThV.r4/DqewImmWVMPvKVtDg7nKVIWPXu3W', '8095751512', NULL, NULL, NULL, '2021-06-14 09:43:42', '2021-06-14 09:43:42'),
	(65, 'Ricardo', 'Talue', 'rtalue@josepaiewonsky.com', 'rtalue257135477', NULL, '$2y$10$yNCoN1zZhISyR55vnaqbq.sfg4DJ4k2aeRoenHD1V2CCnKACiy4O6', '8095751512', NULL, NULL, NULL, '2021-06-14 10:09:33', '2021-06-14 10:09:33'),
	(75, 'Rosanna', 'Santos', 'rosanna@josepaiewonsky.com', 'rosanna104859345', NULL, '$2y$10$exUbb6cZ.6AL6kVxbgLAjOYzasRK67Y24fzC1B48oZogdHqWTarMS', '8095751512', NULL, NULL, NULL, '2021-06-14 10:10:46', '2021-09-03 15:57:27'),
	(85, 'Domingo', 'Genao', 'domingo@josepaiewonsky.com', 'domingo1545345627', NULL, '$2y$10$lty.GRX9CALJlmC87Mlw6Oqym2Q/jW1jVfHgN2sD2MS4VtRBHYjAO', '8095751512', NULL, NULL, NULL, '2021-06-14 10:15:55', '2021-06-14 10:15:55'),
	(95, 'Nersida', 'Cruz', 'nersida@josepaiewonsky.com', 'nersida1625089335', NULL, '$2y$10$ZfO4XzJxCsi.IPdjKssgzO0rgF6k7MWpXn4B.Nltx5Ssz0f49Eg0G', '8095751512', NULL, NULL, NULL, '2021-06-14 11:19:36', '2021-06-14 11:19:36'),
	(105, 'Juan Tobias', 'Cruz', 'juantobias@josepaiewonsky.com', 'juantobias2113610488', NULL, '$2y$10$r0brFb3Wl1kMUqzLAb0bluMUUXggorbOfNyBnBDkdQevQJUUdu.nW', '8095751512', NULL, NULL, NULL, '2021-06-14 11:20:55', '2021-06-14 11:20:55'),
	(115, 'Luis', 'Espinal', 'luis@josepaiewonsky.com', 'luis1027368952', NULL, '$2y$10$czHUc25jzqi3wy0MsAsrzenm2cpJdnJZEI1sC0ch5kjmCppHj3ZGe', '8095751512', NULL, NULL, NULL, '2021-06-14 11:21:49', '2021-06-14 11:21:49'),
	(125, 'Valeriano', 'Gonzalez', 'valeriano@josepaiewonsky.com', 'valeriano1178520875', NULL, '$2y$10$agcwMdZgsjrjBCITbMmWyOeWvk89u2qLeiwyU3CLDUjrCQGUM04lu', '8095751512', NULL, NULL, NULL, '2021-06-14 11:39:24', '2021-06-14 11:39:24'),
	(135, 'Gilberto', 'Matinez', 'gilberto@josepaiewonsky.com', 'gilberto1952800330', NULL, '$2y$10$ypAOQ8bKPXAMWA0sLX5WzOzGRKNpymhBsim6vfsNwgfD74TrKLcdO', '80957571512', NULL, NULL, NULL, '2021-06-14 11:41:04', '2021-06-14 11:41:04'),
	(145, 'Jose', 'Diaz', 'josediaz@josepaiewonsky.com', 'josediaz1831674081', NULL, '$2y$10$g.s2iRt6JL1C8LLsFCaomu4yp4Zzs/OHPM9X3VNJkoAwe.V4DCfNC', '80957571512', NULL, NULL, NULL, '2021-06-14 13:00:17', '2021-06-14 13:00:17'),
	(155, 'Rafael', 'Parra', 'rafarlparra@josepaiewonsky.com', 'rafarlparra1759929304', NULL, '$2y$10$orOWF8YXYfF78KJQ0QUDSe9Hk2aQw/FgitmhAoPrXF2bN/TMQkU8K', '80957571512', NULL, NULL, NULL, '2021-06-14 13:03:52', '2021-06-14 13:03:52'),
	(165, 'Lina', 'Alejo', 'linaalejo@josepaiewonsky.com', 'linaalejo1999995149', NULL, '$2y$10$d6/8.EmlX03ZnuNHQ.6TOOB.JqJO1FWVqn9vh5WyML4kgVt0kI/0e', '8095751512', NULL, NULL, NULL, '2021-06-14 13:04:38', '2021-06-14 13:04:38'),
	(175, 'Vendedor', 'Informal', 'vendedorinformal@josepaiewonsky.com', 'vendedorinformal1214602977', NULL, '$2y$10$MkCCpQvAe0egvszaWOaXCO9EjRClJbeR.nMd/2ju8.khSiSIFWR3q', '8095751512', NULL, NULL, NULL, '2021-06-18 17:10:01', '2021-06-18 17:10:50'),
	(185, 'Empleado', 'Prueba', 'empleado@prueba.com', 'empleado2034357342', NULL, '$2y$10$cWx7pYpJ6OArAT6lLQ7ez.hjLAhINtSMsFyhjh7yvItFNCjbYa3ra', '80957571512', NULL, NULL, NULL, '2021-06-23 19:55:41', '2021-06-23 19:55:41'),
	(195, 'Empleado', 'Prueba', 'empleado@prueba.com', 'empleado2087636040', NULL, '$2y$10$D/nm1quv4VpNcC0QaEAGMeHThhyWaHmVVwTSSLb2Uycg85hFAzGs2', '80957571512', NULL, NULL, NULL, '2021-06-23 20:21:06', '2021-06-23 20:21:06'),
	(205, 'Ariela', 'Peralta', 'ariela@josepaiewonsky.com', 'ariela1381391936', NULL, '$2y$10$PIsImW/iPMIeMDAGVbz9yeXwdAbblTM.30uOLSUEGZHu1UaEDqu2G', '8095751512', NULL, NULL, NULL, '2021-07-13 14:34:07', '2021-07-13 14:34:07'),
	(215, 'Lety', 'Perez Santana', 'lety@josepaiewonsky.com', 'lety1177657385', NULL, '$2y$10$mXhXF06h6waE0l1/WlOmQOV/dibnerLE0CiyUxYIctH7wbCBnUXWy', '8095751512', NULL, NULL, NULL, '2021-07-13 14:35:09', '2021-07-13 14:35:09'),
	(225, 'Paola', 'Cruz Corona', 'paola@josepaiewonsky.com', 'paola601679135', NULL, '$2y$10$oT03Wwqls5SXm2FDXku7s.XeebTBSZ9wCF8btgCvpdMEFkgfIKNyG', '8095751512', NULL, NULL, NULL, '2021-07-13 14:36:34', '2021-07-13 14:37:50'),
	(235, 'Yaniris', 'Vidal Perez', 'yaniris@josepaiewonsky.com', 'yaniris1466726936', NULL, '$2y$10$ntMN87FUFk9ZRClm9hI5AulTqe3Vd00gsCXzTkpSxqmtHNKp8r4V2', '8095751512', NULL, NULL, NULL, '2021-07-13 14:37:33', '2021-07-13 14:37:44'),
	(245, 'Domingo', 'Martinez', 'domingo@josepaiewonsky.com', 'domingo1733942664', NULL, '$2y$10$KdS.Cl2R4hzbHk/HZ.RDYuVHtDTx8kTEnc/6K84jIo6kqmQpMbRBm', '8095751512', NULL, NULL, NULL, '2021-07-13 14:39:20', '2021-07-13 14:39:20'),
	(255, 'Yeraldin', 'Mejia', 'yeraldin@josepaiewonsky.com', 'yeraldin1315226456', NULL, '$2y$10$Lz4DONcSSy/Z4.TfYHlFNuQzgriUN17Rq3aJ6hERLQENl/BetFW/6', '8095751512', NULL, NULL, NULL, '2021-07-13 14:41:04', '2021-07-13 14:41:04'),
	(265, 'Yoselin', 'Mena Cordero', 'yoselin@josepaiewonsky.com', 'yoselin804732206', NULL, '$2y$10$7jKODmLfTmnV5d1FROGgbODcFx0VLVYtuSlRQOvD3GHY9as/1JdYq', '8095751512', NULL, NULL, NULL, '2021-07-13 14:42:12', '2021-07-13 14:42:12'),
	(275, 'Wanda de Jesus', 'Veras de Matinez', 'wanda@josepaiewonsky.com', 'wanda436734217', NULL, '$2y$10$GLWdpeWdDRJ9CHHXSnEN0eoD7hoft0ksHxo/fTtagtJgy4KADoAQG', '8095751512', NULL, NULL, NULL, '2021-12-03 16:09:43', '2021-12-03 16:09:43'),
	(285, 'Erika Antonia', 'Popoteur Torres', 'erika@josepaiewonsky.com', 'erika1964485515', NULL, '$2y$10$HGuO.Fgc3w2nDS3XQZDvbuuYPtebq9Kv6ASw1nks9kSaVbCr8kr7e', '8095751512', NULL, NULL, NULL, '2021-12-03 16:12:28', '2021-12-03 16:17:06'),
	(295, 'Sorilenny', 'Alcantara Moreta', 'sorilenny@josepaiewonsky.com', 'sorilenny1761584002', NULL, '$2y$10$.8pKJqYtcO9FpiZE/dk.0O3pP2V6L7GOKIuXF3Kr0ngdCH.J9wet.', '8095751512', NULL, NULL, NULL, '2021-12-03 16:13:45', '2021-12-03 16:13:45'),
	(305, 'Edindon Salvador', 'Ureña Diaz', 'edison@josepaiewonsky.com', 'edison294110531', NULL, '$2y$10$mm43jo.uwPtzl2Kypthz7.QyA2h1Qi3aEsp74E2S47oxAuGbfk./S', '8095751512', NULL, NULL, NULL, '2021-12-03 16:15:00', '2021-12-03 16:15:00'),
	(315, 'Albania', 'Polanco Jimenez', 'albania@josepaiewonsky.com', 'albania1768922586', NULL, '$2y$10$QcucdNTiSTAJgVnPwlywJOnxAxYDuJfYDUFR/9LeOndDRzuTbDMTW', '8095751512', NULL, NULL, NULL, '2021-12-03 16:15:59', '2021-12-03 16:15:59'),
	(325, 'jaymi', 'Mejia Pichardo', 'jaymi@josepaiewonsky.com', 'jaymi386802519', NULL, '$2y$10$Iz4VgfCg1yam3W5olH5avuVnPLrf3kpFvK23k7jjLEVkGPbr6CEmW', '8095751512', NULL, NULL, NULL, '2021-12-03 16:16:52', '2021-12-03 16:16:52');
/*!40000 ALTER TABLE `users` ENABLE KEYS */;

-- Dumping structure for table visitorpass.visiting_details
CREATE TABLE IF NOT EXISTS `visiting_details` (
  `id` bigint(20) unsigned NOT NULL AUTO_INCREMENT,
  `reg_no` varchar(191) NOT NULL,
  `purpose` varchar(225) DEFAULT NULL,
  `company_name` varchar(100) DEFAULT NULL,
  `company_employee_id` varchar(191) DEFAULT NULL,
  `checkin_at` datetime DEFAULT NULL,
  `checkout_at` datetime DEFAULT NULL,
  `status` tinyint(3) unsigned NOT NULL,
  `user_id` bigint(20) unsigned NOT NULL,
  `employee_id` bigint(20) unsigned NOT NULL,
  `visitor_id` bigint(20) unsigned NOT NULL,
  `creator_type` varchar(191) DEFAULT NULL,
  `creator_id` bigint(20) unsigned NOT NULL,
  `editor_type` varchar(191) DEFAULT NULL,
  `editor_id` bigint(20) unsigned NOT NULL,
  `created_at` timestamp NULL DEFAULT NULL,
  `updated_at` timestamp NULL DEFAULT NULL,
  PRIMARY KEY (`id`),
  KEY `visiting_details_creator_type_creator_id_index` (`creator_type`,`creator_id`),
  KEY `visiting_details_editor_type_editor_id_index` (`editor_type`,`editor_id`)
) ENGINE=MyISAM AUTO_INCREMENT=50164 DEFAULT CHARSET=utf8mb4 COLLATE=utf8mb4_unicode_ci;

-- Dumping data for table visitorpass.visiting_details: 338 rows
/*!40000 ALTER TABLE `visiting_details` DISABLE KEYS */;
REPLACE INTO `visiting_details` (`id`, `reg_no`, `purpose`, `company_name`, `company_employee_id`, `checkin_at`, `checkout_at`, `status`, `user_id`, `employee_id`, `visitor_id`, `creator_type`, `creator_id`, `editor_type`, `editor_id`, `created_at`, `updated_at`) VALUES
	(49826, '42', 'RRHH', 'FARMACIA YNA', NULL, '2024-07-10 11:00:00', NULL, 5, 35, 35, 16516, 'App\\User', 25, 'App\\User', 25, '2024-07-10 11:00:08', '2024-07-10 11:00:08'),
	(49827, '84', 'RRHH', 'NUEVO', NULL, '2024-07-10 11:21:00', NULL, 5, 35, 35, 16517, 'App\\User', 25, 'App\\User', 25, '2024-07-10 11:21:38', '2024-07-10 11:21:38'),
	(49828, '126', 'RRHH', 'FARMACIA YNA', NULL, '2024-07-10 12:13:00', NULL, 5, 35, 35, 16518, 'App\\User', 25, 'App\\User', 25, '2024-07-10 12:13:16', '2024-07-10 12:13:16'),
	(49829, '126', 'RRHH', 'FARMACIA YNA', NULL, '2024-07-10 13:50:00', NULL, 5, 35, 35, 16519, 'App\\User', 25, 'App\\User', 25, '2024-07-10 13:50:39', '2024-07-10 13:50:39'),
	(49830, '126', 'PESO', 'NUEVO', NULL, '2024-07-10 14:14:00', NULL, 5, 165, 165, 16520, 'App\\User', 25, 'App\\User', 25, '2024-07-10 14:14:15', '2024-07-10 14:14:15'),
	(49831, '126', 'RRHH', 'FARMACIA YNA', NULL, '2024-07-10 14:17:00', NULL, 5, 35, 35, 16521, 'App\\User', 25, 'App\\User', 25, '2024-07-10 14:17:17', '2024-07-10 14:17:17'),
	(49832, '126', 'RRHH', 'EX-EMPLEADO', NULL, '2024-07-10 14:51:00', NULL, 5, 35, 35, 16522, 'App\\User', 25, 'App\\User', 25, '2024-07-10 14:51:25', '2024-07-10 14:51:25'),
	(49833, '126', 'PESO', 'NUEVO', NULL, '2024-07-10 14:57:00', NULL, 5, 165, 165, 16523, 'App\\User', 25, 'App\\User', 25, '2024-07-10 14:57:27', '2024-07-10 14:57:27'),
	(49834, '126', 'PESO', 'NUEVO', NULL, '2024-07-10 15:33:00', NULL, 5, 165, 165, 16524, 'App\\User', 25, 'App\\User', 25, '2024-07-10 15:33:11', '2024-07-10 15:33:11'),
	(49835, '126', 'PESO', 'NUEVO', NULL, '2024-07-10 16:00:00', NULL, 5, 165, 165, 16525, 'App\\User', 25, 'App\\User', 25, '2024-07-10 16:00:06', '2024-07-10 16:00:06'),
	(49836, '126', 'RRHH', 'FARMACIA YNA', NULL, '2024-07-10 16:14:00', NULL, 5, 35, 35, 16526, 'App\\User', 25, 'App\\User', 25, '2024-07-10 16:14:27', '2024-07-10 16:14:27'),
	(49837, '127', 'PLANTA', 'NUEVO', NULL, '2024-07-11 08:54:00', NULL, 5, 105, 105, 16527, 'App\\User', 25, 'App\\User', 25, '2024-07-11 08:54:13', '2024-07-11 08:54:13'),
	(49838, '127', 'PESO', 'NUEVO', NULL, '2024-07-11 09:18:00', NULL, 5, 165, 165, 16528, 'App\\User', 25, 'App\\User', 25, '2024-07-11 09:18:31', '2024-07-11 09:18:31'),
	(49839, '127', 'PESO', 'NUEVO', NULL, '2024-07-11 09:57:00', NULL, 5, 165, 165, 16529, 'App\\User', 25, 'App\\User', 25, '2024-07-11 09:57:15', '2024-07-11 09:57:15'),
	(49840, '127', 'OFICINA', 'DISTRIBUIDORA THOMEN', NULL, '2024-07-11 10:04:00', NULL, 5, 55, 55, 16530, 'App\\User', 25, 'App\\User', 25, '2024-07-11 10:04:34', '2024-07-11 10:04:34'),
	(49841, '127', 'OFIC', 'DISTRIBUIDORA THOMEN', NULL, '2024-07-11 10:06:00', NULL, 5, 55, 55, 16531, 'App\\User', 25, 'App\\User', 25, '2024-07-11 10:06:17', '2024-07-11 10:06:17'),
	(49842, '127', 'OFC', 'DISTRIBUIDORA THOMEN', NULL, '2024-07-11 10:07:00', NULL, 5, 55, 55, 16532, 'App\\User', 25, 'App\\User', 25, '2024-07-11 10:07:20', '2024-07-11 10:07:20'),
	(49843, '127', 'OFIC', 'DISTRIBUIDORA THOMEN', NULL, '2024-07-11 10:08:00', NULL, 5, 55, 55, 16533, 'App\\User', 25, 'App\\User', 25, '2024-07-11 10:08:15', '2024-07-11 10:08:15'),
	(49844, '127', 'PESO', 'VENDEDOR INFORMAR', NULL, '2024-07-11 10:24:00', NULL, 5, 165, 165, 16534, 'App\\User', 25, 'App\\User', 25, '2024-07-11 10:24:04', '2024-07-11 10:24:04'),
	(49845, '127', 'PESO', 'VENDEDOR INFORMAR', NULL, '2024-07-11 10:38:00', NULL, 5, 165, 165, 16535, 'App\\User', 25, 'App\\User', 25, '2024-07-11 10:38:53', '2024-07-11 10:38:53'),
	(49846, '127', 'PESO', 'VENDEDOR INFORMAR', NULL, '2024-07-11 11:05:00', NULL, 5, 165, 165, 16536, 'App\\User', 25, 'App\\User', 25, '2024-07-11 11:05:13', '2024-07-11 11:05:13'),
	(49847, '127', 'PESO', 'VENDEDOR INFORMAR', NULL, '2024-07-11 11:53:00', NULL, 5, 165, 165, 16537, 'App\\User', 25, 'App\\User', 25, '2024-07-11 11:53:49', '2024-07-11 11:53:49'),
	(49848, '127', 'PESO', 'NUEVO', NULL, '2024-07-11 11:58:00', NULL, 5, 165, 165, 16538, 'App\\User', 25, 'App\\User', 25, '2024-07-11 11:58:26', '2024-07-11 11:58:26'),
	(49849, '127', 'PLANTA&nbsp;', NULL, NULL, '2024-07-11 13:45:00', NULL, 5, 165, 165, 16539, 'App\\User', 25, 'App\\User', 25, '2024-07-11 13:45:29', '2024-07-11 13:45:29'),
	(49850, '127', 'PESO', NULL, NULL, '2024-07-11 13:56:00', NULL, 5, 165, 165, 16516, 'App\\User', 25, 'App\\User', 25, '2024-07-11 13:56:48', '2024-07-11 13:56:48'),
	(49851, '127', 'PESO', 'NUEVO', NULL, '2024-07-11 14:08:00', NULL, 5, 165, 165, 16540, 'App\\User', 25, 'App\\User', 25, '2024-07-11 14:08:45', '2024-07-11 14:08:45'),
	(49852, '127', 'PESO', 'NUEVO', NULL, '2024-07-11 14:18:00', NULL, 5, 165, 165, 16541, 'App\\User', 25, 'App\\User', 25, '2024-07-11 14:18:18', '2024-07-11 14:18:18'),
	(49853, '127', 'PESO', 'NUEVO', NULL, '2024-07-11 15:08:00', NULL, 5, 165, 165, 16542, 'App\\User', 25, 'App\\User', 25, '2024-07-11 15:08:55', '2024-07-11 15:08:55'),
	(49854, '127', 'PESO', 'NUEVO', NULL, '2024-07-11 15:19:00', NULL, 5, 165, 165, 16543, 'App\\User', 25, 'App\\User', 25, '2024-07-11 15:19:14', '2024-07-11 15:19:14'),
	(49855, '127', 'PESO', 'VENDEDOR INFORMAR', NULL, '2024-07-11 15:32:00', NULL, 5, 165, 165, 16544, 'App\\User', 25, 'App\\User', 25, '2024-07-11 15:32:40', '2024-07-11 15:32:40'),
	(49856, '127', 'CAJA', 'NUEVO', NULL, '2024-07-11 16:23:00', NULL, 5, 195, 195, 16545, 'App\\User', 25, 'App\\User', 25, '2024-07-11 16:23:32', '2024-07-11 16:23:32'),
	(49857, '127', 'PESO', 'VENDEDOR INFORMAR', NULL, '2024-07-11 16:42:00', NULL, 5, 165, 165, 16546, 'App\\User', 25, 'App\\User', 25, '2024-07-11 16:42:26', '2024-07-11 16:42:26'),
	(49858, '128', 'CONTABILIDAD', 'CORREDORES DE SEGURO', NULL, '2024-07-12 09:34:00', NULL, 5, 255, 255, 16547, 'App\\User', 25, 'App\\User', 25, '2024-07-12 09:34:06', '2024-07-12 09:34:06'),
	(49859, '128', 'RRHH', 'NUEVO', NULL, '2024-07-12 09:57:00', NULL, 5, 35, 35, 16548, 'App\\User', 25, 'App\\User', 25, '2024-07-12 09:57:09', '2024-07-12 09:57:09'),
	(49860, '128', 'PLANTA', 'INDO CAFE', NULL, '2024-07-12 10:20:00', NULL, 5, 85, 85, 16549, 'App\\User', 25, 'App\\User', 25, '2024-07-12 10:20:02', '2024-07-12 10:20:02'),
	(49861, '128', 'OFIC', 'AGRICULTURA', NULL, '2024-07-12 10:50:00', NULL, 5, 85, 85, 16550, 'App\\User', 25, 'App\\User', 25, '2024-07-12 10:50:07', '2024-07-12 10:50:07'),
	(49862, '128', 'PESO', 'VENDEDOR INFORMAR', NULL, '2024-07-12 10:51:00', NULL, 5, 165, 165, 16551, 'App\\User', 25, 'App\\User', 25, '2024-07-12 10:51:48', '2024-07-12 10:51:48'),
	(49863, '128', 'OFICINA', 'NUEVO', NULL, '2024-07-12 11:12:00', NULL, 5, 205, 205, 16552, 'App\\User', 25, 'App\\User', 25, '2024-07-12 11:12:27', '2024-07-12 11:12:27'),
	(49864, '128', 'PLANTA', 'NUEVO', NULL, '2024-07-12 11:18:00', NULL, 5, 85, 85, 16553, 'App\\User', 25, 'App\\User', 25, '2024-07-12 11:18:12', '2024-07-12 11:18:12'),
	(49865, '128', 'RRHH', 'FARMACIA YNA', NULL, '2024-07-12 11:20:00', NULL, 5, 35, 35, 16554, 'App\\User', 25, 'App\\User', 25, '2024-07-12 11:20:10', '2024-07-12 11:20:10'),
	(49866, '128', 'PLANTA', 'ADUANA', NULL, '2024-07-12 13:46:00', NULL, 5, 85, 85, 16555, 'App\\User', 25, 'App\\User', 25, '2024-07-12 13:46:32', '2024-07-12 13:46:32'),
	(49867, '128', 'RRHH', 'EX-EMPLEADO', NULL, '2024-07-12 14:14:00', NULL, 5, 35, 35, 16556, 'App\\User', 25, 'App\\User', 25, '2024-07-12 14:14:22', '2024-07-12 14:14:22'),
	(49868, '128', 'PESO', 'NUEVO', NULL, '2024-07-12 14:16:00', NULL, 5, 165, 165, 16557, 'App\\User', 25, 'App\\User', 25, '2024-07-12 14:16:21', '2024-07-12 14:16:21'),
	(49869, '128', 'RRHH', 'EX-EMPLEADO', NULL, '2024-07-12 14:22:00', NULL, 5, 35, 35, 16558, 'App\\User', 25, 'App\\User', 25, '2024-07-12 14:22:00', '2024-07-12 14:22:00'),
	(49870, '128', 'PESO', 'NUEVO', NULL, '2024-07-12 14:22:00', NULL, 5, 165, 165, 16559, 'App\\User', 25, 'App\\User', 25, '2024-07-12 14:22:47', '2024-07-12 14:22:47'),
	(49871, '128', 'PESO', 'NUEVO', NULL, '2024-07-12 15:07:00', NULL, 5, 165, 165, 16560, 'App\\User', 25, 'App\\User', 25, '2024-07-12 15:07:14', '2024-07-12 15:07:14'),
	(49872, '128', 'PESO', 'NUEVO', NULL, '2024-07-12 15:13:00', NULL, 5, 165, 165, 16561, 'App\\User', 25, 'App\\User', 25, '2024-07-12 15:13:05', '2024-07-12 15:13:05'),
	(49873, '128', 'PESO', 'VENDEDOR INFORMAR', NULL, '2024-07-12 15:28:00', NULL, 5, 165, 165, 16562, 'App\\User', 25, 'App\\User', 25, '2024-07-12 15:28:27', '2024-07-12 15:28:27'),
	(49874, '128', 'PESO', 'NUEVO', NULL, '2024-07-12 15:47:00', NULL, 5, 165, 165, 16563, 'App\\User', 25, 'App\\User', 25, '2024-07-12 15:47:36', '2024-07-12 15:47:36'),
	(49875, '131', 'RRHH', 'FARMACIA YNA', NULL, '2024-07-15 10:37:00', NULL, 5, 35, 35, 16564, 'App\\User', 25, 'App\\User', 25, '2024-07-15 10:37:35', '2024-07-15 10:37:35'),
	(49876, '131', 'PESO', 'VENDEDOR INFORMAR', NULL, '2024-07-15 11:32:00', NULL, 5, 165, 165, 16565, 'App\\User', 25, 'App\\User', 25, '2024-07-15 11:32:49', '2024-07-15 11:32:49'),
	(49877, '131', 'NERSIDA&nbsp;', 'DGA', NULL, '2024-07-15 13:25:00', NULL, 5, 85, 85, 16566, 'App\\User', 25, 'App\\User', 25, '2024-07-15 13:25:03', '2024-07-15 13:25:03'),
	(49878, '131', 'FUMIGAR', 'FUMAX', NULL, '2024-07-15 13:58:00', NULL, 5, 225, 225, 16568, 'App\\User', 25, 'App\\User', 25, '2024-07-15 13:58:40', '2024-07-15 13:58:40'),
	(49879, '131', 'FUMIGAR', 'FUMAX', NULL, '2024-07-15 14:00:00', NULL, 5, 5, 5, 16569, 'App\\User', 25, 'App\\User', 25, '2024-07-15 14:00:14', '2024-07-15 14:00:14'),
	(49880, '131', 'FUMIGAR', 'FUMAX', NULL, '2024-07-15 14:01:00', NULL, 5, 225, 225, 16570, 'App\\User', 25, 'App\\User', 25, '2024-07-15 14:01:29', '2024-07-15 14:01:29'),
	(49881, '131', 'VENTA DE CACAO', NULL, NULL, '2024-07-15 14:16:00', NULL, 5, 165, 165, 16571, 'App\\User', 25, 'App\\User', 25, '2024-07-15 14:16:18', '2024-07-15 14:16:18'),
	(49882, '131', 'PESO', NULL, NULL, '2024-07-15 14:21:00', NULL, 5, 165, 165, 16572, 'App\\User', 25, 'App\\User', 25, '2024-07-15 14:21:54', '2024-07-15 14:21:54'),
	(49883, '131', 'PESO', NULL, NULL, '2024-07-15 14:47:00', NULL, 5, 165, 165, 16573, 'App\\User', 25, 'App\\User', 25, '2024-07-15 14:47:42', '2024-07-15 14:47:42'),
	(49884, '131', 'SR RICARDO', 'REFIGERACION DIAZ', NULL, '2024-07-15 15:22:00', NULL, 5, 55, 55, 16574, 'App\\User', 25, 'App\\User', 25, '2024-07-15 15:22:56', '2024-07-15 15:22:56'),
	(49885, '131', 'PESO', NULL, NULL, '2024-07-15 15:48:00', NULL, 5, 165, 165, 16575, 'App\\User', 25, 'App\\User', 25, '2024-07-15 15:48:28', '2024-07-15 15:48:28'),
	(49886, '131', 'DGA&nbsp;', 'DGA', NULL, '2024-07-15 16:00:00', NULL, 5, 85, 85, 16576, 'App\\User', 25, 'App\\User', 25, '2024-07-15 16:00:13', '2024-07-15 16:00:13'),
	(49887, '132', 'PESO', 'VENDEDOR INFORMAR', NULL, '2024-07-16 08:07:00', NULL, 5, 165, 165, 16577, 'App\\User', 25, 'App\\User', 25, '2024-07-16 08:07:28', '2024-07-16 08:07:28'),
	(49888, '132', 'OFICINA', 'NUEVO', NULL, '2024-07-16 10:26:00', NULL, 5, 65, 65, 16578, 'App\\User', 25, 'App\\User', 25, '2024-07-16 10:26:47', '2024-07-16 10:26:47'),
	(49889, '132', 'PESO', NULL, NULL, '2024-07-16 11:15:00', NULL, 5, 165, 165, 16516, 'App\\User', 25, 'App\\User', 25, '2024-07-16 11:15:54', '2024-07-16 11:15:54'),
	(49890, '132', 'PESO', 'NUEVO', NULL, '2024-07-16 11:23:00', NULL, 5, 165, 165, 16579, 'App\\User', 25, 'App\\User', 25, '2024-07-16 11:23:51', '2024-07-16 11:23:51'),
	(49891, '132', 'YNA', 'FARMACIA', NULL, '2024-07-16 13:19:00', NULL, 5, 265, 265, 16580, 'App\\User', 25, 'App\\User', 25, '2024-07-16 13:19:30', '2024-07-16 13:19:30'),
	(49892, '132', 'PESO', NULL, NULL, '2024-07-16 13:52:00', NULL, 5, 165, 165, 16581, 'App\\User', 25, 'App\\User', 25, '2024-07-16 13:52:34', '2024-07-16 13:52:34'),
	(49893, '132', 'PESO', 'NUEVO', NULL, '2024-07-16 13:57:00', NULL, 5, 165, 165, 16582, 'App\\User', 25, 'App\\User', 25, '2024-07-16 13:57:16', '2024-07-16 13:57:16'),
	(49894, '132', 'PESO', 'NUEVO', NULL, '2024-07-16 14:33:00', NULL, 5, 165, 165, 16583, 'App\\User', 25, 'App\\User', 25, '2024-07-16 14:33:42', '2024-07-16 14:33:42'),
	(49895, '132', 'PESO', 'NUEVO', NULL, '2024-07-16 14:43:00', NULL, 5, 165, 165, 16584, 'App\\User', 25, 'App\\User', 25, '2024-07-16 14:43:52', '2024-07-16 14:43:52'),
	(49896, '132', 'PESO', NULL, NULL, '2024-07-16 15:54:00', NULL, 5, 165, 165, 16516, 'App\\User', 25, 'App\\User', 25, '2024-07-16 15:54:18', '2024-07-16 15:54:18'),
	(49897, '132', 'PESO', 'NUEVO', NULL, '2024-07-16 16:35:00', NULL, 5, 165, 165, 16585, 'App\\User', 25, 'App\\User', 25, '2024-07-16 16:35:45', '2024-07-16 16:35:45'),
	(49898, '133', 'PESO', 'NUEVO', NULL, '2024-07-17 11:27:00', NULL, 5, 165, 165, 16586, 'App\\User', 25, 'App\\User', 25, '2024-07-17 11:27:58', '2024-07-17 11:27:58'),
	(49899, '133', 'RRHH', 'NUEVO', NULL, '2024-07-17 11:31:00', NULL, 5, 35, 35, 16587, 'App\\User', 25, 'App\\User', 25, '2024-07-17 11:31:53', '2024-07-17 11:31:53'),
	(49900, '133', 'RRHH', 'FARMACIA YNA', NULL, '2024-07-17 12:09:00', NULL, 5, 35, 35, 16588, 'App\\User', 25, 'App\\User', 25, '2024-07-17 12:09:53', '2024-07-17 12:09:53'),
	(49901, '133', 'PLANTA', 'NUEVO', NULL, '2024-07-17 12:47:00', NULL, 5, 65, 65, 16589, 'App\\User', 25, 'App\\User', 25, '2024-07-17 12:47:39', '2024-07-17 12:47:39'),
	(49902, '133', 'peso', NULL, NULL, '2024-07-17 13:51:00', NULL, 5, 165, 165, 16590, 'App\\User', 25, 'App\\User', 25, '2024-07-17 13:51:22', '2024-07-17 13:51:22'),
	(49903, '133', 'PESO', 'NUEVO', NULL, '2024-07-17 16:31:00', NULL, 5, 165, 165, 16591, 'App\\User', 25, 'App\\User', 25, '2024-07-17 16:31:15', '2024-07-17 16:31:15'),
	(49904, '134', 'peso', NULL, NULL, '2024-07-18 10:28:00', NULL, 5, 165, 165, 16592, 'App\\User', 25, 'App\\User', 25, '2024-07-18 10:28:07', '2024-07-18 10:28:07'),
	(49905, '134', 'DOMINGO GENAO', NULL, NULL, '2024-07-18 10:39:00', NULL, 5, 75, 75, 16593, 'App\\User', 25, 'App\\User', 25, '2024-07-18 10:39:58', '2024-07-18 10:39:58'),
	(49906, '134', 'RHH', NULL, NULL, '2024-07-18 11:13:00', NULL, 5, 265, 265, 16516, 'App\\User', 25, 'App\\User', 25, '2024-07-18 11:13:04', '2024-07-18 11:13:04'),
	(49907, '134', 'ROSY', 'PLANTA', NULL, '2024-07-18 12:44:00', NULL, 5, 65, 65, 16594, 'App\\User', 25, 'App\\User', 25, '2024-07-18 12:44:08', '2024-07-18 12:49:34'),
	(49908, '134', 'CACAO', NULL, NULL, '2024-07-18 15:04:00', NULL, 5, 165, 165, 16595, 'App\\User', 25, 'App\\User', 25, '2024-07-18 15:04:48', '2024-07-18 15:04:48'),
	(49909, '134', 'CACAO', NULL, NULL, '2024-07-18 15:09:00', NULL, 5, 165, 165, 16596, 'App\\User', 25, 'App\\User', 25, '2024-07-18 15:09:39', '2024-07-18 15:09:39'),
	(49910, '134', 'PLANTA', NULL, NULL, '2024-07-18 15:21:00', NULL, 5, 295, 295, 16597, 'App\\User', 25, 'App\\User', 25, '2024-07-18 15:21:07', '2024-07-18 15:21:07'),
	(49911, '134', 'CACAO', NULL, NULL, '2024-07-18 15:25:00', NULL, 5, 165, 165, 16598, 'App\\User', 25, 'App\\User', 25, '2024-07-18 15:25:05', '2024-07-18 15:25:05'),
	(49912, '134', 'CACAO', NULL, NULL, '2024-07-18 15:32:00', NULL, 5, 165, 165, 16599, 'App\\User', 25, 'App\\User', 25, '2024-07-18 15:32:04', '2024-07-18 15:32:04'),
	(49913, '135', 'PESO', 'NUEVO', NULL, '2024-07-19 08:57:00', NULL, 5, 165, 165, 16600, 'App\\User', 25, 'App\\User', 25, '2024-07-19 08:57:06', '2024-07-19 08:57:06'),
	(49914, '135', 'PLANTA', 'NUEVO', NULL, '2024-07-19 09:50:00', NULL, 5, 225, 225, 16601, 'App\\User', 25, 'App\\User', 25, '2024-07-19 09:50:44', '2024-07-19 09:50:44'),
	(49915, '135', 'PESO', NULL, NULL, '2024-07-19 10:57:00', NULL, 5, 165, 165, 16516, 'App\\User', 25, 'App\\User', 25, '2024-07-19 10:57:23', '2024-07-19 10:57:23'),
	(49916, '135', 'PESO', 'NUEVO', NULL, '2024-07-19 11:27:00', NULL, 5, 165, 165, 16602, 'App\\User', 25, 'App\\User', 25, '2024-07-19 11:27:40', '2024-07-19 11:27:40'),
	(49917, '135', 'PESO', 'VENDEDOR INFORMAR', NULL, '2024-07-19 12:54:00', NULL, 5, 165, 165, 16516, 'App\\User', 25, 'App\\User', 25, '2024-07-19 12:54:55', '2024-07-19 12:54:55'),
	(49918, '135', 'PESO', 'NUEVO', NULL, '2024-07-19 13:01:00', NULL, 5, 165, 165, 16603, 'App\\User', 25, 'App\\User', 25, '2024-07-19 13:01:49', '2024-07-19 13:01:49'),
	(49919, '135', 'PESO', NULL, NULL, '2024-07-19 13:28:00', NULL, 5, 165, 165, 16516, 'App\\User', 25, 'App\\User', 25, '2024-07-19 13:28:17', '2024-07-19 13:28:17'),
	(49920, '135', 'PESO', 'NUEVO', NULL, '2024-07-19 14:36:00', NULL, 5, 165, 165, 16604, 'App\\User', 25, 'App\\User', 25, '2024-07-19 14:36:11', '2024-07-19 14:36:11'),
	(49921, '135', 'RRHH', 'FARMACIA YNA', NULL, '2024-07-19 14:41:00', NULL, 5, 35, 35, 16605, 'App\\User', 25, 'App\\User', 25, '2024-07-19 14:41:32', '2024-07-19 14:41:32'),
	(49922, '135', 'RRHH', 'NUEVO', NULL, '2024-07-19 15:12:00', NULL, 5, 35, 35, 16606, 'App\\User', 25, 'App\\User', 25, '2024-07-19 15:12:36', '2024-07-19 15:12:36'),
	(49923, '135', 'PLANTA', 'NUEVO', NULL, '2024-07-19 15:23:00', NULL, 5, 65, 65, 16607, 'App\\User', 25, 'App\\User', 25, '2024-07-19 15:23:15', '2024-07-19 15:23:15'),
	(49924, '138', 'PESO', 'NUEVO', NULL, '2024-07-22 09:23:00', NULL, 5, 165, 165, 16608, 'App\\User', 25, 'App\\User', 25, '2024-07-22 09:23:44', '2024-07-22 09:23:44'),
	(49925, '138', 'PESO', 'NUEVO', NULL, '2024-07-22 09:30:00', NULL, 5, 165, 165, 16609, 'App\\User', 25, 'App\\User', 25, '2024-07-22 09:30:57', '2024-07-22 09:30:57'),
	(49926, '138', 'RRHH', 'FARMACIA YNA', NULL, '2024-07-22 11:30:00', NULL, 5, 35, 35, 16610, 'App\\User', 25, 'App\\User', 25, '2024-07-22 11:30:58', '2024-07-22 11:30:58'),
	(49927, '138', 'DNCD', 'DNCD', NULL, '2024-07-22 13:29:00', NULL, 5, 85, 85, 16516, 'App\\User', 25, 'App\\User', 25, '2024-07-22 13:29:42', '2024-07-22 13:29:42'),
	(49928, '138', 'PESO', 'VENDEDOR INFORMAR', NULL, '2024-07-22 14:01:00', NULL, 5, 165, 165, 16611, 'App\\User', 25, 'App\\User', 25, '2024-07-22 14:01:31', '2024-07-22 14:01:31'),
	(49929, '138', 'PESO', 'NUEVO', NULL, '2024-07-22 14:39:00', NULL, 5, 165, 165, 16612, 'App\\User', 25, 'App\\User', 25, '2024-07-22 14:39:19', '2024-07-22 14:39:19'),
	(49930, '138', 'PLANTA', 'ADUANA', NULL, '2024-07-22 15:04:00', NULL, 5, 85, 85, 16613, 'App\\User', 25, 'App\\User', 25, '2024-07-22 15:04:56', '2024-07-22 15:04:56'),
	(49931, '138', 'PESO', 'NUEVO', NULL, '2024-07-22 15:10:00', NULL, 5, 165, 165, 16614, 'App\\User', 25, 'App\\User', 25, '2024-07-22 15:10:36', '2024-07-22 15:10:36'),
	(49932, '138', 'PESO', 'NUEVO', NULL, '2024-07-22 15:49:00', NULL, 5, 165, 165, 16615, 'App\\User', 25, 'App\\User', 25, '2024-07-22 15:49:27', '2024-07-22 15:49:27'),
	(49933, '139', 'PLANTA', 'NUEVO', NULL, '2024-07-23 09:55:00', NULL, 5, 225, 225, 16616, 'App\\User', 25, 'App\\User', 25, '2024-07-23 09:55:30', '2024-07-23 09:55:30'),
	(49934, '139', 'PESO', NULL, NULL, '2024-07-23 10:08:00', NULL, 5, 165, 165, 16516, 'App\\User', 25, 'App\\User', 25, '2024-07-23 10:08:54', '2024-07-23 10:08:54'),
	(49935, '139', 'PLANTA', 'NUEVO', NULL, '2024-07-23 10:24:00', NULL, 5, 55, 55, 16617, 'App\\User', 25, 'App\\User', 25, '2024-07-23 10:24:35', '2024-07-23 10:24:35'),
	(49936, '139', 'PESO', 'NUEVO', NULL, '2024-07-23 11:07:00', NULL, 5, 165, 165, 16618, 'App\\User', 25, 'App\\User', 25, '2024-07-23 11:07:59', '2024-07-23 11:07:59'),
	(49937, '139', 'PESO', 'NUEVO', NULL, '2024-07-23 13:06:00', NULL, 5, 165, 165, 16619, 'App\\User', 25, 'App\\User', 25, '2024-07-23 13:06:31', '2024-07-23 13:06:31'),
	(49938, '139', 'RRHH', 'FARMACIA', NULL, '2024-07-23 13:16:00', NULL, 5, 165, 165, 16620, 'App\\User', 25, 'App\\User', 25, '2024-07-23 13:16:22', '2024-07-23 13:16:22'),
	(49939, '139', 'PESO', 'NUEVO', NULL, '2024-07-23 15:10:00', NULL, 5, 165, 165, 16621, 'App\\User', 25, 'App\\User', 25, '2024-07-23 15:10:49', '2024-07-23 15:10:49'),
	(49940, '139', 'PLANTA', 'MPG', NULL, '2024-07-23 15:53:00', NULL, 5, 85, 85, 16622, 'App\\User', 25, 'App\\User', 25, '2024-07-23 15:53:49', '2024-07-23 15:53:49'),
	(49941, '140', 'PESO', 'NUEVO', NULL, '2024-07-24 08:40:00', NULL, 5, 165, 165, 16623, 'App\\User', 25, 'App\\User', 25, '2024-07-24 08:40:44', '2024-07-24 08:40:44'),
	(49942, '140', 'PESO', 'NUEVO', NULL, '2024-07-24 08:54:00', NULL, 5, 165, 165, 16624, 'App\\User', 25, 'App\\User', 25, '2024-07-24 08:54:49', '2024-07-24 08:54:49'),
	(49943, '140', 'rrhh', 'FARMACIA YNA', NULL, '2024-07-24 11:22:00', NULL, 5, 35, 35, 16516, 'App\\User', 1, 'App\\User', 1, '2024-07-24 11:22:55', '2024-07-24 11:22:55'),
	(49944, '140', 'PESO', 'NUEVO', NULL, '2024-07-24 11:29:00', NULL, 5, 105, 105, 16625, 'App\\User', 25, 'App\\User', 25, '2024-07-24 11:29:22', '2024-07-24 11:29:22'),
	(49945, '140', 'PESO', NULL, NULL, '2024-07-24 14:29:00', NULL, 5, 165, 165, 16516, 'App\\User', 1, 'App\\User', 1, '2024-07-24 14:29:48', '2024-07-24 14:29:48'),
	(49946, '140', 'PESO', 'NUEVO', NULL, '2024-07-24 14:45:00', NULL, 5, 165, 165, 16626, 'App\\User', 25, 'App\\User', 25, '2024-07-24 14:45:19', '2024-07-24 14:45:19'),
	(49947, '140', 'PESO', 'NUEVO', NULL, '2024-07-24 14:54:00', NULL, 5, 165, 165, 16627, 'App\\User', 25, 'App\\User', 25, '2024-07-24 14:54:20', '2024-07-24 14:54:20'),
	(49948, '140', 'PESO', 'NUEVO', NULL, '2024-07-24 16:02:00', NULL, 5, 165, 165, 16628, 'App\\User', 25, 'App\\User', 25, '2024-07-24 16:02:29', '2024-07-24 16:02:29'),
	(49949, '140', 'PESO', NULL, NULL, '2024-07-24 16:19:00', NULL, 5, 165, 165, 16516, 'App\\User', 25, 'App\\User', 25, '2024-07-24 16:19:29', '2024-07-24 16:19:29'),
	(49950, '140', 'PESO', 'NUEVO', NULL, '2024-07-24 16:23:00', NULL, 5, 165, 165, 16629, 'App\\User', 25, 'App\\User', 25, '2024-07-24 16:23:07', '2024-07-24 16:23:07'),
	(49951, '141', 'PESO', 'NUEVO', NULL, '2024-07-25 08:29:00', NULL, 5, 165, 165, 16630, 'App\\User', 25, 'App\\User', 25, '2024-07-25 08:29:19', '2024-07-25 08:29:19'),
	(49952, '141', 'PLANTA', 'NUEVO', NULL, '2024-07-25 09:15:00', NULL, 5, 65, 65, 16631, 'App\\User', 25, 'App\\User', 25, '2024-07-25 09:15:33', '2024-07-25 09:15:33'),
	(49953, '141', 'PESO', 'SANIDAD VEGETAL', NULL, '2024-07-25 09:17:00', NULL, 5, 85, 85, 16632, 'App\\User', 25, 'App\\User', 25, '2024-07-25 09:17:07', '2024-07-25 09:17:07'),
	(49954, '141', 'PLANTA', 'INFOTEP', NULL, '2024-07-25 09:53:00', NULL, 5, 225, 225, 16633, 'App\\User', 25, 'App\\User', 25, '2024-07-25 09:53:09', '2024-07-25 09:53:09'),
	(49955, '141', 'RRHH', 'JAIME BISONO', NULL, '2024-07-25 10:20:00', NULL, 5, 265, 265, 16516, 'App\\User', 25, 'App\\User', 25, '2024-07-25 10:20:28', '2024-07-25 10:20:28'),
	(49956, '141', 'PLANTA', 'NUEVO', NULL, '2024-07-25 10:51:00', NULL, 5, 105, 105, 16634, 'App\\User', 25, 'App\\User', 25, '2024-07-25 10:51:56', '2024-07-25 10:51:56'),
	(49957, '141', 'PESO', NULL, NULL, '2024-07-25 15:07:00', NULL, 5, 165, 165, 16516, 'App\\User', 1, 'App\\User', 1, '2024-07-25 15:07:14', '2024-07-25 15:07:14'),
	(49958, '141', 'PESO', 'NUEVO', NULL, '2024-07-25 15:20:00', NULL, 5, 165, 165, 16635, 'App\\User', 25, 'App\\User', 25, '2024-07-25 15:20:50', '2024-07-25 15:20:50'),
	(49959, '141', 'PLANTA', 'ADUANA', NULL, '2024-07-25 15:45:00', NULL, 5, 85, 85, 16636, 'App\\User', 25, 'App\\User', 25, '2024-07-25 15:45:20', '2024-07-25 15:45:20'),
	(49960, '141', 'PLANTA', 'NUEVO', NULL, '2024-07-25 16:49:00', NULL, 5, 225, 225, 16637, 'App\\User', 25, 'App\\User', 25, '2024-07-25 16:49:56', '2024-07-25 16:49:56'),
	(49961, '142', 'PESO', 'NUEVO', NULL, '2024-07-26 08:38:00', NULL, 5, 165, 165, 16638, 'App\\User', 25, 'App\\User', 25, '2024-07-26 08:38:53', '2024-07-26 08:38:53'),
	(49962, '142', 'PESO', 'NUEVO', NULL, '2024-07-26 09:38:00', NULL, 5, 165, 165, 16639, 'App\\User', 25, 'App\\User', 25, '2024-07-26 09:38:30', '2024-07-26 09:38:30'),
	(49963, '142', 'peso', NULL, NULL, '2024-07-26 13:54:00', NULL, 5, 165, 165, 16516, 'App\\User', 1, 'App\\User', 1, '2024-07-26 13:54:48', '2024-07-26 13:54:48'),
	(49964, '142', 'PESO', 'NUEVO', NULL, '2024-07-26 14:26:00', NULL, 5, 165, 165, 16640, 'App\\User', 25, 'App\\User', 25, '2024-07-26 14:26:14', '2024-07-26 14:26:14'),
	(49965, '142', 'PLANTA', 'NUEVO', NULL, '2024-07-26 14:28:00', NULL, 5, 65, 65, 16641, 'App\\User', 25, 'App\\User', 25, '2024-07-26 14:28:38', '2024-07-26 14:28:38'),
	(49966, '142', 'RRHH', 'NUEVO', NULL, '2024-07-26 15:51:00', NULL, 5, 35, 35, 16642, 'App\\User', 25, 'App\\User', 25, '2024-07-26 15:51:43', '2024-07-26 15:51:43'),
	(49967, '142', 'PESO', 'NUEVO', NULL, '2024-07-26 16:56:00', NULL, 5, 165, 165, 16643, 'App\\User', 25, 'App\\User', 25, '2024-07-26 16:56:56', '2024-07-26 16:56:56'),
	(49968, '143', 'peso', NULL, NULL, '2024-07-27 10:16:00', NULL, 5, 165, 165, 16516, 'App\\User', 1, 'App\\User', 1, '2024-07-27 10:16:42', '2024-07-27 10:16:42'),
	(49969, '143', 'PESO', 'NUEVO', NULL, '2024-07-27 10:49:00', NULL, 5, 165, 165, 16644, 'App\\User', 25, 'App\\User', 25, '2024-07-27 10:49:34', '2024-07-27 10:49:34'),
	(49970, '143', 'PESO', 'NUEVO', NULL, '2024-07-27 11:25:00', NULL, 5, 165, 165, 16645, 'App\\User', 25, 'App\\User', 25, '2024-07-27 11:25:01', '2024-07-27 11:25:01'),
	(49971, '143', 'PESO', 'NUEVO', NULL, '2024-07-27 11:41:00', NULL, 5, 165, 165, 16646, 'App\\User', 25, 'App\\User', 25, '2024-07-27 11:41:23', '2024-07-27 11:41:23'),
	(49972, '145', 'planta', NULL, NULL, '2024-07-29 10:27:00', NULL, 5, 55, 55, 16516, 'App\\User', 1, 'App\\User', 1, '2024-07-29 10:27:24', '2024-07-29 10:27:24'),
	(49973, '145', 'RRHH', 'FARMACIA YNA', NULL, '2024-07-29 11:03:00', NULL, 5, 35, 35, 16647, 'App\\User', 25, 'App\\User', 25, '2024-07-29 11:03:18', '2024-07-29 11:03:18'),
	(49974, '145', 'PLANTA', 'DNCD', NULL, '2024-07-29 11:04:00', NULL, 5, 85, 85, 16516, 'App\\User', 25, 'App\\User', 25, '2024-07-29 11:04:23', '2024-07-29 11:04:23'),
	(49975, '145', 'PESO', NULL, NULL, '2024-07-29 11:39:00', NULL, 5, 85, 85, 16516, 'App\\User', 25, 'App\\User', 25, '2024-07-29 11:39:23', '2024-07-29 11:39:23'),
	(49976, '145', 'PESO', 'NUEVO', NULL, '2024-07-29 12:59:00', NULL, 5, 165, 165, 16648, 'App\\User', 25, 'App\\User', 25, '2024-07-29 12:59:49', '2024-07-29 12:59:49'),
	(49977, '145', 'RRHH', 'EX-EMPLEADO', NULL, '2024-07-29 15:26:00', NULL, 5, 35, 35, 16649, 'App\\User', 25, 'App\\User', 25, '2024-07-29 15:26:02', '2024-07-29 15:26:02'),
	(49978, '146', 'PLANTA', 'ARCADIO DIAZ', NULL, '2024-07-30 08:41:00', NULL, 5, 5, 5, 16650, 'App\\User', 25, 'App\\User', 25, '2024-07-30 08:41:50', '2024-07-30 08:41:50'),
	(49979, '146', 'PLANTA', 'ARCADIO DIAZ', NULL, '2024-07-30 08:42:00', NULL, 5, 5, 5, 16651, 'App\\User', 25, 'App\\User', 25, '2024-07-30 08:42:33', '2024-07-30 08:42:33'),
	(49980, '146', 'RRHH', 'NUEVO', NULL, '2024-07-30 09:06:00', NULL, 5, 35, 35, 16652, 'App\\User', 25, 'App\\User', 25, '2024-07-30 09:06:17', '2024-07-30 09:06:17'),
	(49981, '146', 'RRHH', 'FUNTE DE LUZ', NULL, '2024-07-30 09:13:00', NULL, 5, 35, 35, 16653, 'App\\User', 25, 'App\\User', 25, '2024-07-30 09:13:17', '2024-07-30 09:13:17'),
	(49982, '146', 'PESO', NULL, NULL, '2024-07-30 10:49:00', NULL, 5, 165, 165, 16516, 'App\\User', 25, 'App\\User', 25, '2024-07-30 10:49:14', '2024-07-30 10:49:14'),
	(49983, '146', 'PESO', NULL, NULL, '2024-07-30 10:52:00', NULL, 5, 165, 165, 16516, 'App\\User', 25, 'App\\User', 25, '2024-07-30 10:52:06', '2024-07-30 10:52:06'),
	(49984, '146', 'RRHH', 'FARMACIA YNA', NULL, '2024-07-30 10:53:00', NULL, 5, 35, 35, 16516, 'App\\User', 25, 'App\\User', 25, '2024-07-30 10:53:21', '2024-07-30 10:53:21'),
	(49985, '146', 'RRHH', 'ARS FUTURO', NULL, '2024-07-30 11:46:00', NULL, 5, 265, 265, 16654, 'App\\User', 25, 'App\\User', 25, '2024-07-30 11:46:09', '2024-07-30 11:46:09'),
	(49986, '146', 'RRHH', NULL, NULL, '2024-07-30 13:59:00', NULL, 5, 35, 35, 16655, 'App\\User', 25, 'App\\User', 25, '2024-07-30 13:59:10', '2024-07-30 13:59:10'),
	(49987, '146', 'RRHH', 'NUEVO', NULL, '2024-07-30 14:29:00', NULL, 5, 35, 35, 16656, 'App\\User', 25, 'App\\User', 25, '2024-07-30 14:29:48', '2024-07-30 14:29:48'),
	(49988, '146', 'peso', NULL, NULL, '2024-07-30 14:40:00', NULL, 5, 165, 165, 16516, 'App\\User', 25, 'App\\User', 25, '2024-07-30 14:40:19', '2024-07-30 14:40:19'),
	(49989, '146', 'peso', NULL, NULL, '2024-07-30 14:51:00', NULL, 5, 165, 165, 16516, 'App\\User', 25, 'App\\User', 25, '2024-07-30 14:51:42', '2024-07-30 14:51:42'),
	(49990, '146', 'PLATA', 'NUEVO', NULL, '2024-07-30 15:21:00', NULL, 5, 225, 225, 16657, 'App\\User', 25, 'App\\User', 25, '2024-07-30 15:21:05', '2024-07-30 15:21:05'),
	(49991, '146', 'PESO', 'NUEVO', NULL, '2024-07-30 16:40:00', NULL, 5, 5, 5, 16658, 'App\\User', 25, 'App\\User', 25, '2024-07-30 16:40:27', '2024-07-30 16:40:27'),
	(49992, '147', 'peso', NULL, NULL, '2024-07-31 08:03:00', NULL, 5, 165, 165, 16659, 'App\\User', 25, 'App\\User', 25, '2024-07-31 08:03:00', '2024-07-31 08:03:00'),
	(49993, '147', 'PESO', NULL, NULL, '2024-07-31 08:49:00', NULL, 5, 165, 165, 16660, 'App\\User', 25, 'App\\User', 25, '2024-07-31 08:49:50', '2024-07-31 08:49:50'),
	(49994, '147', 'RRHH', NULL, NULL, '2024-07-31 09:31:00', NULL, 5, 265, 265, 16516, 'App\\User', 25, 'App\\User', 25, '2024-07-31 09:31:56', '2024-07-31 09:31:56'),
	(49995, '147', 'PLANTA', NULL, NULL, '2024-07-31 10:07:00', NULL, 5, 45, 45, 16516, 'App\\User', 25, 'App\\User', 25, '2024-07-31 10:07:02', '2024-07-31 10:07:02'),
	(49996, '147', 'RRHH', 'FARMACIA YNA', NULL, '2024-07-31 10:08:00', NULL, 5, 35, 35, 16661, 'App\\User', 25, 'App\\User', 25, '2024-07-31 10:08:24', '2024-07-31 10:08:24'),
	(49997, '147', 'OFICINA', 'NUEVO', NULL, '2024-07-31 10:09:00', NULL, 5, 45, 45, 16662, 'App\\User', 25, 'App\\User', 25, '2024-07-31 10:09:13', '2024-07-31 10:09:13'),
	(49998, '147', 'PESO', 'NUEVO', NULL, '2024-07-31 11:26:00', NULL, 5, 225, 225, 16663, 'App\\User', 25, 'App\\User', 25, '2024-07-31 11:26:16', '2024-07-31 11:26:16'),
	(49999, '147', 'rrhh', 'FARMACIA YNA', NULL, '2024-07-31 12:59:00', NULL, 5, 35, 35, 16516, 'App\\User', 25, 'App\\User', 25, '2024-07-31 12:59:23', '2024-07-31 12:59:23'),
	(50000, '147', 'rrhh', 'FARMACIA YNA', NULL, '2024-07-31 13:19:00', NULL, 5, 35, 35, 16516, 'App\\User', 25, 'App\\User', 25, '2024-07-31 13:19:18', '2024-07-31 13:19:18'),
	(50001, '147', 'RRHH', 'EX-EMPLEADO', NULL, '2024-07-31 14:47:00', NULL, 5, 35, 35, 16664, 'App\\User', 25, 'App\\User', 25, '2024-07-31 14:47:22', '2024-07-31 14:47:22'),
	(50002, '147', 'PESO', 'NUEVO', NULL, '2024-07-31 16:24:00', NULL, 5, 165, 165, 16665, 'App\\User', 25, 'App\\User', 25, '2024-07-31 16:24:11', '2024-07-31 16:24:11'),
	(50003, '119', 'RRHH', 'NUEVO', NULL, '2024-08-02 08:37:00', NULL, 5, 35, 35, 16666, 'App\\User', 25, 'App\\User', 25, '2024-08-02 08:37:36', '2024-08-02 08:37:36'),
	(50004, '119', 'RRHH', 'FARMACIA YNA', NULL, '2024-08-02 10:55:00', NULL, 5, 35, 35, 16667, 'App\\User', 25, 'App\\User', 25, '2024-08-02 10:55:23', '2024-08-02 10:55:23'),
	(50005, '119', 'RRHH', NULL, NULL, '2024-08-02 14:18:00', NULL, 5, 265, 265, 16516, 'App\\User', 1, 'App\\User', 1, '2024-08-02 14:18:10', '2024-08-02 14:18:10'),
	(50006, '119', 'RRHH', NULL, NULL, '2024-08-02 14:18:00', NULL, 5, 265, 265, 16516, 'App\\User', 1, 'App\\User', 1, '2024-08-02 14:18:36', '2024-08-02 14:18:36'),
	(50007, '119', 'PESO', 'NUEVO', NULL, '2024-08-02 14:59:00', NULL, 5, 165, 165, 16668, 'App\\User', 25, 'App\\User', 25, '2024-08-02 14:59:45', '2024-08-02 14:59:45'),
	(50008, '119', 'RRHH', 'FARMACIA YNA', NULL, '2024-08-02 15:02:00', NULL, 5, 35, 35, 16516, 'App\\User', 25, 'App\\User', 25, '2024-08-02 15:02:18', '2024-08-02 15:02:18'),
	(50009, '119', 'PESO', NULL, NULL, '2024-08-02 15:48:00', NULL, 5, 165, 165, 16516, 'App\\User', 25, 'App\\User', 25, '2024-08-02 15:48:08', '2024-08-02 15:48:08'),
	(50010, '119', 'PESO', 'NUEVO', NULL, '2024-08-02 16:19:00', NULL, 5, 165, 165, 16669, 'App\\User', 25, 'App\\User', 25, '2024-08-02 16:19:33', '2024-08-02 16:19:33'),
	(50011, '122', 'PESO', 'NUEVO', NULL, '2024-08-05 09:30:00', NULL, 5, 165, 165, 16670, 'App\\User', 25, 'App\\User', 25, '2024-08-05 09:30:38', '2024-08-05 09:30:38'),
	(50012, '122', 'PESO', 'NUEVO', NULL, '2024-08-05 11:33:00', NULL, 5, 165, 165, 16671, 'App\\User', 25, 'App\\User', 25, '2024-08-05 11:33:21', '2024-08-05 11:33:21'),
	(50013, '122', 'CACAO', NULL, NULL, '2024-08-05 13:31:00', NULL, 5, 165, 165, 16672, 'App\\User', 25, 'App\\User', 25, '2024-08-05 13:31:43', '2024-08-05 13:31:43'),
	(50014, '122', 'CACAO', NULL, NULL, '2024-08-05 13:42:00', NULL, 5, 165, 165, 16673, 'App\\User', 25, 'App\\User', 25, '2024-08-05 13:42:09', '2024-08-05 13:42:09'),
	(50015, '122', 'NERSIDA', NULL, NULL, '2024-08-05 14:33:00', NULL, 5, 85, 85, 16674, 'App\\User', 25, 'App\\User', 25, '2024-08-05 14:33:42', '2024-08-05 14:33:42'),
	(50016, '122', 'NERSIDA', NULL, NULL, '2024-08-05 16:10:00', NULL, 5, 85, 85, 16675, 'App\\User', 25, 'App\\User', 25, '2024-08-05 16:10:20', '2024-08-05 16:10:20'),
	(50017, '122', 'ALISANDRO', NULL, NULL, '2024-08-05 16:43:00', NULL, 5, 5, 5, 16676, 'App\\User', 25, 'App\\User', 25, '2024-08-05 16:43:32', '2024-08-05 16:43:32'),
	(50018, '122', 'ALISANDRO', NULL, NULL, '2024-08-05 16:44:00', NULL, 5, 5, 5, 16677, 'App\\User', 25, 'App\\User', 25, '2024-08-05 16:44:23', '2024-08-05 16:44:23'),
	(50019, '123', 'PESO', 'NUEVO', NULL, '2024-08-06 09:27:00', NULL, 5, 165, 165, 16678, 'App\\User', 25, 'App\\User', 25, '2024-08-06 09:27:18', '2024-08-06 09:27:18'),
	(50020, '123', 'RRHH', 'FARMACIA YNA', NULL, '2024-08-06 09:53:00', NULL, 5, 45, 45, 16516, 'App\\User', 25, 'App\\User', 25, '2024-08-06 09:53:08', '2024-08-06 09:53:08'),
	(50021, '123', 'PESO', 'NUEVO', NULL, '2024-08-06 10:00:00', NULL, 5, 165, 165, 16679, 'App\\User', 25, 'App\\User', 25, '2024-08-06 10:00:53', '2024-08-06 10:00:53'),
	(50022, '123', 'PESO', 'NUEVO', NULL, '2024-08-06 10:11:00', NULL, 5, 165, 165, 16680, 'App\\User', 25, 'App\\User', 25, '2024-08-06 10:11:09', '2024-08-06 10:11:09'),
	(50023, '123', 'RRHH', 'NUEVO', NULL, '2024-08-06 10:57:00', NULL, 5, 35, 35, 16681, 'App\\User', 25, 'App\\User', 25, '2024-08-06 10:57:08', '2024-08-06 10:57:08'),
	(50024, '123', 'PESO', NULL, NULL, '2024-08-06 11:17:00', NULL, 5, 165, 165, 16516, 'App\\User', 25, 'App\\User', 25, '2024-08-06 11:17:33', '2024-08-06 11:17:33'),
	(50025, '123', 'PESO', 'NUEVO', NULL, '2024-08-06 11:27:00', NULL, 5, 165, 165, 16682, 'App\\User', 25, 'App\\User', 25, '2024-08-06 11:27:52', '2024-08-06 11:27:52'),
	(50026, '123', 'PLANTA', 'BHD LEON', NULL, '2024-08-06 11:33:00', NULL, 5, 65, 65, 16683, 'App\\User', 25, 'App\\User', 25, '2024-08-06 11:33:33', '2024-08-06 11:33:33'),
	(50027, '123', 'PLANTA', 'BHD LEON', NULL, '2024-08-06 11:35:00', NULL, 5, 65, 65, 16684, 'App\\User', 25, 'App\\User', 25, '2024-08-06 11:35:22', '2024-08-06 11:35:22'),
	(50028, '123', 'CONTABILIDAD', 'NUEVO', NULL, '2024-08-06 11:37:00', NULL, 5, 245, 245, 16685, 'App\\User', 25, 'App\\User', 25, '2024-08-06 11:37:23', '2024-08-06 11:37:23'),
	(50029, '123', 'RRHH', 'NUEVO', NULL, '2024-08-06 14:45:00', NULL, 5, 35, 35, 16686, 'App\\User', 25, 'App\\User', 25, '2024-08-06 14:45:51', '2024-08-06 14:45:51'),
	(50030, '123', 'PESO', NULL, NULL, '2024-08-06 15:19:00', NULL, 5, 165, 165, 16516, 'App\\User', 25, 'App\\User', 25, '2024-08-06 15:19:19', '2024-08-06 15:19:19'),
	(50031, '123', 'RRHH', 'NUEVO', NULL, '2024-08-06 15:39:00', NULL, 5, 35, 35, 16687, 'App\\User', 25, 'App\\User', 25, '2024-08-06 15:39:06', '2024-08-06 15:39:06'),
	(50032, '124', 'rrhh', 'NUEVO', NULL, '2024-08-07 09:54:00', NULL, 5, 35, 35, 16516, 'App\\User', 1, 'App\\User', 1, '2024-08-07 09:54:41', '2024-08-07 09:54:41'),
	(50033, '124', 'RRHH', 'NUEVO', NULL, '2024-08-07 10:06:00', NULL, 5, 35, 35, 16688, 'App\\User', 25, 'App\\User', 25, '2024-08-07 10:06:34', '2024-08-07 10:06:34'),
	(50034, '124', 'PESO', 'NUEVO', NULL, '2024-08-07 11:48:00', NULL, 5, 165, 165, 16689, 'App\\User', 25, 'App\\User', 25, '2024-08-07 11:48:09', '2024-08-07 11:48:09'),
	(50035, '124', 'PLANTA', 'NUEVO', NULL, '2024-08-07 13:53:00', NULL, 5, 35, 35, 16690, 'App\\User', 25, 'App\\User', 25, '2024-08-07 13:53:47', '2024-08-07 13:53:47'),
	(50036, '124', 'PESO', NULL, NULL, '2024-08-07 15:51:00', NULL, 5, 165, 165, 16516, 'App\\User', 25, 'App\\User', 25, '2024-08-07 15:51:55', '2024-08-07 15:51:55'),
	(50037, '124', 'PLANTA', 'NUEVO', NULL, '2024-08-07 15:55:00', NULL, 5, 65, 65, 16691, 'App\\User', 25, 'App\\User', 25, '2024-08-07 15:55:29', '2024-08-07 15:55:29'),
	(50038, '125', 'PES', 'NUEVO', NULL, '2024-08-08 09:09:00', NULL, 5, 165, 165, 16692, 'App\\User', 25, 'App\\User', 25, '2024-08-08 09:09:31', '2024-08-08 09:09:31'),
	(50039, '125', 'PLANTA', 'BANCO POPULAR', NULL, '2024-08-08 10:24:00', NULL, 5, 5, 5, 16693, 'App\\User', 25, 'App\\User', 25, '2024-08-08 10:24:58', '2024-08-08 10:24:58'),
	(50040, '125', 'PLANTA', 'NUEVO', NULL, '2024-08-08 10:29:00', NULL, 5, 55, 55, 16694, 'App\\User', 25, 'App\\User', 25, '2024-08-08 10:29:58', '2024-08-08 10:29:58'),
	(50041, '125', 'RRHH', 'NUEVO', NULL, '2024-08-08 10:49:00', NULL, 5, 35, 35, 16516, 'App\\User', 25, 'App\\User', 25, '2024-08-08 10:49:06', '2024-08-08 10:49:06'),
	(50042, '125', 'RRHH', 'FARMACIA YNA', NULL, '2024-08-08 11:23:00', NULL, 5, 35, 35, 16516, 'App\\User', 25, 'App\\User', 25, '2024-08-08 11:23:13', '2024-08-08 11:23:13'),
	(50043, '126', 'PESO', 'NUEVO', NULL, '2024-08-09 15:26:00', NULL, 5, 35, 35, 16695, 'App\\User', 25, 'App\\User', 25, '2024-08-09 15:26:46', '2024-08-09 15:26:46'),
	(50044, '126', 'PESO', 'NUEVO', NULL, '2024-08-09 16:36:00', NULL, 5, 165, 165, 16696, 'App\\User', 25, 'App\\User', 25, '2024-08-09 16:36:05', '2024-08-09 16:36:05'),
	(50045, '127', 'PESO', 'NUEVO', NULL, '2024-08-10 08:12:00', NULL, 5, 165, 165, 16697, 'App\\User', 25, 'App\\User', 25, '2024-08-10 08:12:22', '2024-08-10 08:12:22'),
	(50046, '127', 'PESO', 'NUEVO', NULL, '2024-08-10 10:08:00', NULL, 5, 165, 165, 16698, 'App\\User', 25, 'App\\User', 25, '2024-08-10 10:08:56', '2024-08-10 10:08:56'),
	(50047, '129', 'PESO', NULL, NULL, '2024-08-12 08:50:00', NULL, 5, 165, 165, 16699, 'App\\User', 25, 'App\\User', 25, '2024-08-12 08:50:17', '2024-08-12 08:50:17'),
	(50048, '129', 'CACAO', NULL, NULL, '2024-08-12 09:04:00', NULL, 5, 5, 5, 16700, 'App\\User', 25, 'App\\User', 25, '2024-08-12 09:04:30', '2024-08-12 09:04:30'),
	(50049, '129', 'farmacia', NULL, NULL, '2024-08-12 12:05:00', NULL, 5, 265, 265, 16701, 'App\\User', 25, 'App\\User', 25, '2024-08-12 12:05:07', '2024-08-12 12:05:07'),
	(50050, '129', 'peso', NULL, NULL, '2024-08-12 13:56:00', NULL, 5, 165, 165, 16516, 'App\\User', 25, 'App\\User', 25, '2024-08-12 13:56:21', '2024-08-12 13:56:21'),
	(50051, '129', 'planta', NULL, NULL, '2024-08-12 15:15:00', NULL, 5, 85, 85, 16516, 'App\\User', 25, 'App\\User', 25, '2024-08-12 15:15:40', '2024-08-12 15:15:40'),
	(50052, '129', 'peso', NULL, NULL, '2024-08-12 15:40:00', NULL, 5, 165, 165, 16516, 'App\\User', 25, 'App\\User', 25, '2024-08-12 15:40:41', '2024-08-12 15:40:41'),
	(50053, '129', 'PESO', 'NUEVO', NULL, '2024-08-12 15:59:00', NULL, 5, 5, 5, 16702, 'App\\User', 25, 'App\\User', 25, '2024-08-12 15:59:35', '2024-08-12 15:59:35'),
	(50054, '129', 'PESO', 'FARMACIA YNA', NULL, '2024-08-12 16:39:00', NULL, 5, 35, 35, 16703, 'App\\User', 25, 'App\\User', 25, '2024-08-12 16:39:15', '2024-08-12 16:39:15'),
	(50055, '130', 'PLANTA', 'NUEVO', NULL, '2024-08-13 08:02:00', NULL, 5, 105, 105, 16704, 'App\\User', 25, 'App\\User', 25, '2024-08-13 08:02:56', '2024-08-13 08:02:56'),
	(50056, '130', 'RRHH', 'NUEVO', NULL, '2024-08-13 08:41:00', NULL, 5, 35, 35, 16516, 'App\\User', 25, 'App\\User', 25, '2024-08-13 08:41:02', '2024-08-13 08:41:02'),
	(50057, '130', 'PESO', 'NUEVO', NULL, '2024-08-13 09:05:00', NULL, 5, 165, 165, 16705, 'App\\User', 25, 'App\\User', 25, '2024-08-13 09:05:10', '2024-08-13 09:05:10'),
	(50058, '130', 'PLANTA', 'NUEVO', NULL, '2024-08-13 09:06:00', NULL, 5, 45, 45, 16706, 'App\\User', 25, 'App\\User', 25, '2024-08-13 09:06:01', '2024-08-13 09:06:01'),
	(50059, '130', 'PLANTA', NULL, NULL, '2024-08-13 09:28:00', NULL, 5, 105, 105, 16516, 'App\\User', 25, 'App\\User', 25, '2024-08-13 09:28:29', '2024-08-13 09:28:29'),
	(50060, '130', 'RRHH', 'FARMACIA YNA', NULL, '2024-08-13 10:07:00', NULL, 5, 35, 35, 16516, 'App\\User', 25, 'App\\User', 25, '2024-08-13 10:07:50', '2024-08-13 10:07:50'),
	(50061, '130', 'RRHH', 'NUEVO', NULL, '2024-08-13 14:36:00', NULL, 5, 35, 35, 16707, 'App\\User', 25, 'App\\User', 25, '2024-08-13 14:36:54', '2024-08-13 14:36:54'),
	(50062, '130', 'RRHH', 'FARMACIA YNA', NULL, '2024-08-13 16:29:00', NULL, 5, 35, 35, 16516, 'App\\User', 25, 'App\\User', 25, '2024-08-13 16:29:43', '2024-08-13 16:29:43'),
	(50063, '131', 'PESO', 'NUEVO', NULL, '2024-08-14 09:01:00', NULL, 5, 165, 165, 16708, 'App\\User', 25, 'App\\User', 25, '2024-08-14 09:01:02', '2024-08-14 09:01:02'),
	(50064, '131', 'PESO', 'NUEVO', NULL, '2024-08-14 10:30:00', NULL, 5, 165, 165, 16709, 'App\\User', 25, 'App\\User', 25, '2024-08-14 10:30:56', '2024-08-14 10:30:56'),
	(50065, '131', 'PLANTA', 'NUEVO', NULL, '2024-08-14 11:19:00', NULL, 5, 75, 75, 16710, 'App\\User', 25, 'App\\User', 25, '2024-08-14 11:19:54', '2024-08-14 11:19:54'),
	(50066, '131', 'PLANTA', 'NUEVO', NULL, '2024-08-14 11:21:00', NULL, 5, 75, 75, 16711, 'App\\User', 25, 'App\\User', 25, '2024-08-14 11:21:05', '2024-08-14 11:21:05'),
	(50067, '131', 'RRHH', 'NUEVO', NULL, '2024-08-14 11:28:00', NULL, 5, 35, 35, 16712, 'App\\User', 25, 'App\\User', 25, '2024-08-14 11:28:09', '2024-08-14 11:28:09'),
	(50068, '131', 'FARMACIA', NULL, NULL, '2024-08-14 13:09:00', NULL, 5, 35, 35, 16516, 'App\\User', 25, 'App\\User', 25, '2024-08-14 13:09:18', '2024-08-14 13:09:18'),
	(50069, '131', 'RRHH', 'NUEVO', NULL, '2024-08-14 15:20:00', NULL, 5, 35, 35, 16713, 'App\\User', 25, 'App\\User', 25, '2024-08-14 15:20:36', '2024-08-14 15:20:36'),
	(50070, '131', 'PESO', 'VENDEDOR INFORMAR', NULL, '2024-08-14 15:21:00', NULL, 5, 165, 165, 16714, 'App\\User', 25, 'App\\User', 25, '2024-08-14 15:21:42', '2024-08-14 15:21:42'),
	(50071, '131', 'RRHH', 'NUEVO', NULL, '2024-08-14 15:44:00', NULL, 5, 35, 35, 16715, 'App\\User', 25, 'App\\User', 25, '2024-08-14 15:44:01', '2024-08-14 15:44:01'),
	(50072, '131', 'PLANTA', 'NUEVO', NULL, '2024-08-14 16:08:00', NULL, 5, 105, 105, 16716, 'App\\User', 25, 'App\\User', 25, '2024-08-14 16:08:56', '2024-08-14 16:08:56'),
	(50073, '131', 'PLANTA', 'NUEVO', NULL, '2024-08-14 16:09:00', NULL, 5, 105, 105, 16717, 'App\\User', 25, 'App\\User', 25, '2024-08-14 16:09:45', '2024-08-14 16:09:45'),
	(50074, '131', 'PESO', NULL, NULL, '2024-08-14 16:11:00', NULL, 5, 165, 165, 16516, 'App\\User', 25, 'App\\User', 25, '2024-08-14 16:11:30', '2024-08-14 16:11:30'),
	(50075, '136', 'peso', NULL, NULL, '2024-08-19 10:07:00', NULL, 5, 165, 165, 16516, 'App\\User', 1, 'App\\User', 1, '2024-08-19 10:07:00', '2024-08-19 10:07:00'),
	(50076, '136', 'PLANTA', 'NUEVO', NULL, '2024-08-19 11:22:00', NULL, 5, 65, 65, 16718, 'App\\User', 25, 'App\\User', 25, '2024-08-19 11:22:58', '2024-08-19 11:22:58'),
	(50077, '136', 'PESO', 'NUEVO', NULL, '2024-08-19 11:24:00', NULL, 5, 165, 165, 16719, 'App\\User', 25, 'App\\User', 25, '2024-08-19 11:24:09', '2024-08-19 11:24:09'),
	(50078, '136', 'PESO', 'NUEVO', NULL, '2024-08-19 11:33:00', NULL, 5, 165, 165, 16720, 'App\\User', 25, 'App\\User', 25, '2024-08-19 11:33:52', '2024-08-19 11:33:52'),
	(50079, '136', 'fumax', NULL, NULL, '2024-08-19 13:50:00', NULL, 5, 305, 305, 16516, 'App\\User', 1, 'App\\User', 1, '2024-08-19 13:50:37', '2024-08-19 13:50:37'),
	(50080, '136', 'fumax', NULL, NULL, '2024-08-19 13:51:00', NULL, 5, 305, 305, 16516, 'App\\User', 1, 'App\\User', 1, '2024-08-19 13:51:41', '2024-08-19 13:51:41'),
	(50081, '136', 'PLANTA', 'LUCALZA DOMINICANA', NULL, '2024-08-19 16:50:00', NULL, 5, 105, 105, 16721, 'App\\User', 25, 'App\\User', 25, '2024-08-19 16:50:05', '2024-08-19 16:50:05'),
	(50082, '137', 'peso', NULL, NULL, '2024-08-20 08:04:00', NULL, 5, 165, 165, 16516, 'App\\User', 1, 'App\\User', 1, '2024-08-20 08:04:59', '2024-08-20 08:04:59'),
	(50083, '137', 'PESO', 'NUEVO', NULL, '2024-08-20 08:08:00', NULL, 5, 165, 165, 16722, 'App\\User', 25, 'App\\User', 25, '2024-08-20 08:08:17', '2024-08-20 08:08:17'),
	(50084, '137', 'RRHH', 'NUEVO', NULL, '2024-08-20 16:56:00', NULL, 5, 35, 35, 16723, 'App\\User', 25, 'App\\User', 25, '2024-08-20 16:56:55', '2024-08-20 16:56:55'),
	(50085, '138', 'PLANTA', 'CLARO', NULL, '2024-08-21 09:50:00', NULL, 5, 65, 65, 16724, 'App\\User', 25, 'App\\User', 25, '2024-08-21 09:50:16', '2024-08-21 09:50:16'),
	(50086, '138', 'PLANTA', 'CLARO', NULL, '2024-08-21 09:51:00', NULL, 5, 65, 65, 16725, 'App\\User', 25, 'App\\User', 25, '2024-08-21 09:51:14', '2024-08-21 09:51:14'),
	(50087, '138', 'PLANTA', 'CLARO', NULL, '2024-08-21 09:52:00', NULL, 5, 65, 65, 16726, 'App\\User', 25, 'App\\User', 25, '2024-08-21 09:52:04', '2024-08-21 09:52:04'),
	(50088, '138', 'PESO', NULL, NULL, '2024-08-21 14:00:00', NULL, 5, 165, 165, 16727, 'App\\User', 25, 'App\\User', 25, '2024-08-21 14:00:10', '2024-08-21 14:00:10'),
	(50089, '138', 'peso', NULL, NULL, '2024-08-21 15:24:00', NULL, 5, 165, 165, 16516, 'App\\User', 25, 'App\\User', 25, '2024-08-21 15:24:07', '2024-08-21 15:24:07'),
	(50090, '138', 'PESO', 'NUEVO', NULL, '2024-08-21 15:49:00', NULL, 5, 165, 165, 16728, 'App\\User', 25, 'App\\User', 25, '2024-08-21 15:49:46', '2024-08-21 15:49:46'),
	(50091, '138', 'PESO', NULL, NULL, '2024-08-21 16:27:00', NULL, 5, 165, 165, 16516, 'App\\User', 25, 'App\\User', 25, '2024-08-21 16:27:55', '2024-08-21 16:27:55'),
	(50092, '139', 'peso', NULL, NULL, '2024-08-22 08:56:00', NULL, 5, 165, 165, 16516, 'App\\User', 1, 'App\\User', 1, '2024-08-22 08:56:36', '2024-08-22 08:56:36'),
	(50093, '139', 'PESO', 'NUEVO', NULL, '2024-08-22 10:06:00', NULL, 5, 165, 165, 16729, 'App\\User', 25, 'App\\User', 25, '2024-08-22 10:06:26', '2024-08-22 10:06:26'),
	(50094, '139', 'PLANTA', NULL, NULL, '2024-08-22 10:29:00', NULL, 5, 85, 85, 16516, 'App\\User', 25, 'App\\User', 25, '2024-08-22 10:29:13', '2024-08-22 10:29:13'),
	(50095, '139', 'PESO', 'NUEVO', NULL, '2024-08-22 14:24:00', NULL, 5, 85, 85, 16730, 'App\\User', 25, 'App\\User', 25, '2024-08-22 14:24:40', '2024-08-22 14:24:40'),
	(50096, '139', 'PLANTA', NULL, NULL, '2024-08-22 15:01:00', NULL, 5, 105, 105, 16516, 'App\\User', 25, 'App\\User', 25, '2024-08-22 15:01:31', '2024-08-22 15:01:31'),
	(50097, '139', 'PESO', 'NUEVO', NULL, '2024-08-22 15:51:00', NULL, 5, 165, 165, 16731, 'App\\User', 25, 'App\\User', 25, '2024-08-22 15:51:02', '2024-08-22 15:51:02'),
	(50098, '139', 'PLANTA', 'NUEVO', NULL, '2024-08-22 15:52:00', NULL, 5, 35, 35, 16732, 'App\\User', 25, 'App\\User', 25, '2024-08-22 15:52:37', '2024-08-22 15:52:37'),
	(50099, '140', 'PESO', 'NUEVO', NULL, '2024-08-23 08:59:00', NULL, 5, 165, 165, 16733, 'App\\User', 25, 'App\\User', 25, '2024-08-23 08:59:18', '2024-08-23 08:59:18'),
	(50100, '140', 'PLANTA', 'NUEVO', NULL, '2024-08-23 09:02:00', NULL, 5, 45, 45, 16734, 'App\\User', 25, 'App\\User', 25, '2024-08-23 09:02:45', '2024-08-23 09:02:45'),
	(50101, '140', 'PLANTA', NULL, NULL, '2024-08-23 09:38:00', NULL, 5, 85, 85, 16516, 'App\\User', 25, 'App\\User', 25, '2024-08-23 09:38:07', '2024-08-23 09:38:07'),
	(50102, '140', 'PLANTA', 'NUEVO', NULL, '2024-08-23 09:59:00', NULL, 5, 125, 125, 16735, 'App\\User', 25, 'App\\User', 25, '2024-08-23 09:59:48', '2024-08-23 09:59:48'),
	(50103, '140', 'PLANTA', NULL, NULL, '2024-08-23 10:04:00', NULL, 5, 85, 85, 16516, 'App\\User', 25, 'App\\User', 25, '2024-08-23 10:04:34', '2024-08-23 10:04:34'),
	(50104, '140', 'PLANTA', 'BANCO BHD', NULL, '2024-08-23 10:37:00', NULL, 5, 5, 5, 16736, 'App\\User', 25, 'App\\User', 25, '2024-08-23 10:37:50', '2024-08-23 10:37:50'),
	(50105, '140', 'PESO', 'VENDEDOR INFORMAR', NULL, '2024-08-23 10:39:00', NULL, 5, 165, 165, 16737, 'App\\User', 25, 'App\\User', 25, '2024-08-23 10:39:10', '2024-08-23 10:39:10'),
	(50106, '140', 'PLANTA', 'NUEVO', NULL, '2024-08-23 11:57:00', NULL, 5, 85, 85, 16738, 'App\\User', 25, 'App\\User', 25, '2024-08-23 11:57:50', '2024-08-23 11:57:50'),
	(50107, '140', 'RRHH', 'NUEVO', NULL, '2024-08-23 11:59:00', NULL, 5, 165, 165, 16739, 'App\\User', 25, 'App\\User', 25, '2024-08-23 11:59:21', '2024-08-23 11:59:21'),
	(50108, '141', 'peso', NULL, NULL, '2024-08-24 09:05:00', NULL, 5, 165, 165, 16516, 'App\\User', 1, 'App\\User', 1, '2024-08-24 09:05:12', '2024-08-24 09:05:12'),
	(50109, '143', 'PESO', 'NUEVO', NULL, '2024-08-26 08:08:00', NULL, 5, 165, 165, 16740, 'App\\User', 25, 'App\\User', 25, '2024-08-26 08:08:56', '2024-08-26 08:08:56'),
	(50110, '143', 'PLANTA', NULL, NULL, '2024-08-26 09:35:00', NULL, 5, 85, 85, 16516, 'App\\User', 25, 'App\\User', 25, '2024-08-26 09:35:40', '2024-08-26 09:35:40'),
	(50111, '143', 'PLANTA', 'ministerio de trabajo', NULL, '2024-08-26 09:56:00', NULL, 5, 225, 225, 16741, 'App\\User', 25, 'App\\User', 25, '2024-08-26 09:56:32', '2024-08-26 09:56:32'),
	(50112, '143', 'PLANTA', 'ministerio de trabajo', NULL, '2024-08-26 09:57:00', NULL, 5, 225, 225, 16742, 'App\\User', 25, 'App\\User', 25, '2024-08-26 09:57:32', '2024-08-26 09:57:32'),
	(50113, '143', 'PESO', NULL, NULL, '2024-08-26 10:39:00', NULL, 5, 165, 165, 16516, 'App\\User', 25, 'App\\User', 25, '2024-08-26 10:39:14', '2024-08-26 10:39:14'),
	(50114, '143', 'PLANTA', 'NUEVO', NULL, '2024-08-26 11:18:00', NULL, 5, 165, 165, 16743, 'App\\User', 25, 'App\\User', 25, '2024-08-26 11:18:06', '2024-08-26 11:18:06'),
	(50115, '143', 'DNCD', 'DNCD', NULL, '2024-08-26 13:54:00', NULL, 5, 215, 215, 16516, 'App\\User', 1, 'App\\User', 1, '2024-08-26 13:54:04', '2024-08-26 13:54:04'),
	(50116, '143', 'PLANTA', NULL, NULL, '2024-08-26 16:10:00', NULL, 5, 85, 85, 16516, 'App\\User', 1, 'App\\User', 1, '2024-08-26 16:10:53', '2024-08-26 16:10:53'),
	(50117, '144', 'PESO', 'VENDEDOR INFORMAR', NULL, '2024-08-27 08:38:00', NULL, 5, 165, 165, 16744, 'App\\User', 25, 'App\\User', 25, '2024-08-27 08:38:19', '2024-08-27 08:38:19'),
	(50118, '144', 'PLANTA', NULL, NULL, '2024-08-27 09:12:00', NULL, 5, 85, 85, 16516, 'App\\User', 25, 'App\\User', 25, '2024-08-27 09:12:57', '2024-08-27 09:12:57'),
	(50119, '144', 'PLANTA', NULL, NULL, '2024-08-27 09:30:00', NULL, 5, 125, 125, 16745, 'App\\User', 25, 'App\\User', 25, '2024-08-27 09:30:08', '2024-08-27 09:30:08'),
	(50120, '144', 'PLANTA', 'NUEVO', NULL, '2024-08-27 09:30:00', NULL, 5, 125, 125, 16746, 'App\\User', 25, 'App\\User', 25, '2024-08-27 09:30:58', '2024-08-27 09:30:58'),
	(50121, '144', 'PLANTA', 'NUEVO', NULL, '2024-08-27 09:31:00', NULL, 5, 125, 125, 16747, 'App\\User', 25, 'App\\User', 25, '2024-08-27 09:31:45', '2024-08-27 09:31:45'),
	(50122, '144', 'PLANTA', 'NUEVO', NULL, '2024-08-27 10:07:00', NULL, 5, 105, 105, 16748, 'App\\User', 25, 'App\\User', 25, '2024-08-27 10:07:44', '2024-08-27 10:07:44'),
	(50123, '144', 'PLANTA', 'NUEVO', NULL, '2024-08-27 10:08:00', NULL, 5, 105, 105, 16749, 'App\\User', 25, 'App\\User', 25, '2024-08-27 10:08:58', '2024-08-27 10:08:58'),
	(50124, '144', 'PESO', NULL, NULL, '2024-08-27 11:06:00', NULL, 5, 85, 85, 16516, 'App\\User', 25, 'App\\User', 25, '2024-08-27 11:06:16', '2024-08-27 11:06:16'),
	(50125, '144', 'PLANTA', NULL, NULL, '2024-08-27 11:28:00', NULL, 5, 65, 65, 16516, 'App\\User', 25, 'App\\User', 25, '2024-08-27 11:28:42', '2024-08-27 11:28:42'),
	(50126, '144', 'PESO', NULL, NULL, '2024-08-27 13:31:00', NULL, 5, 165, 165, 16516, 'App\\User', 1, 'App\\User', 1, '2024-08-27 13:31:27', '2024-08-27 13:31:27'),
	(50127, '145', 'PESO', 'NUEVO', NULL, '2024-08-28 08:23:00', NULL, 5, 165, 165, 16750, 'App\\User', 25, 'App\\User', 25, '2024-08-28 08:23:14', '2024-08-28 08:23:14'),
	(50128, '145', 'PESO', 'NUEVO', NULL, '2024-08-28 08:50:00', NULL, 5, 165, 165, 16751, 'App\\User', 25, 'App\\User', 25, '2024-08-28 08:50:32', '2024-08-28 08:50:32'),
	(50129, '145', 'PESO', 'NUEVO', NULL, '2024-08-28 08:56:00', NULL, 5, 165, 165, 16752, 'App\\User', 25, 'App\\User', 25, '2024-08-28 08:56:58', '2024-08-28 08:56:58'),
	(50130, '145', 'PESO', NULL, NULL, '2024-08-28 10:41:00', NULL, 5, 35, 35, 16516, 'App\\User', 25, 'App\\User', 25, '2024-08-28 10:41:01', '2024-08-28 10:41:01'),
	(50131, '145', 'FARMACIA', 'FARMACIA YNA', NULL, '2024-08-28 13:28:00', NULL, 5, 35, 35, 16516, 'App\\User', 1, 'App\\User', 1, '2024-08-28 13:28:43', '2024-08-28 13:28:43'),
	(50132, '145', 'PLANTA', NULL, NULL, '2024-08-28 15:49:00', NULL, 5, 15, 15, 16516, 'App\\User', 1, 'App\\User', 1, '2024-08-28 15:49:13', '2024-08-28 15:49:13'),
	(50133, '145', 'PESO', 'NUEVO', NULL, '2024-08-28 16:13:00', NULL, 5, 165, 165, 16753, 'App\\User', 25, 'App\\User', 25, '2024-08-28 16:13:27', '2024-08-28 16:13:27'),
	(50134, '146', 'peso', NULL, NULL, '2024-08-29 08:38:00', NULL, 5, 165, 165, 16516, 'App\\User', 1, 'App\\User', 1, '2024-08-29 08:38:25', '2024-08-29 08:38:25'),
	(50135, '146', 'PLANTA', 'NUEVO', NULL, '2024-08-29 10:56:00', NULL, 5, 225, 225, 16754, 'App\\User', 25, 'App\\User', 25, '2024-08-29 10:56:17', '2024-08-29 10:56:17'),
	(50136, '146', 'RRHH', 'NUEVO', NULL, '2024-08-29 14:09:00', NULL, 5, 35, 35, 16755, 'App\\User', 25, 'App\\User', 25, '2024-08-29 14:09:22', '2024-08-29 14:09:22'),
	(50137, '146', 'PESO', NULL, NULL, '2024-08-29 15:23:00', NULL, 5, 165, 165, 16516, 'App\\User', 25, 'App\\User', 25, '2024-08-29 15:23:31', '2024-08-29 15:23:31'),
	(50138, '146', 'PESO', 'NUEVO', NULL, '2024-08-29 15:28:00', NULL, 5, 165, 165, 16756, 'App\\User', 25, 'App\\User', 25, '2024-08-29 15:28:03', '2024-08-29 15:28:03'),
	(50139, '147', 'PESO', 'NUEVO', NULL, '2024-08-30 08:06:00', NULL, 5, 165, 165, 16757, 'App\\User', 25, 'App\\User', 25, '2024-08-30 08:06:23', '2024-08-30 08:06:23'),
	(50140, '147', 'PESO', NULL, NULL, '2024-08-30 09:13:00', NULL, 5, 165, 165, 16516, 'App\\User', 25, 'App\\User', 25, '2024-08-30 09:13:59', '2024-08-30 09:13:59'),
	(50141, '147', 'PESO', 'NUEVO', NULL, '2024-08-30 10:04:00', NULL, 5, 165, 165, 16758, 'App\\User', 25, 'App\\User', 25, '2024-08-30 10:04:28', '2024-08-30 10:04:28'),
	(50142, '147', 'RRHH', 'FARMACIA YNA', NULL, '2024-08-30 10:48:00', NULL, 5, 35, 35, 16516, 'App\\User', 25, 'App\\User', 25, '2024-08-30 10:48:22', '2024-08-30 10:48:22'),
	(50143, '147', 'PESO', 'NUEVO', NULL, '2024-08-30 12:22:00', NULL, 5, 165, 165, 16759, 'App\\User', 25, 'App\\User', 25, '2024-08-30 12:22:49', '2024-08-30 12:22:49'),
	(50144, '147', 'planta', 'NUEVO', NULL, '2024-08-30 15:07:00', NULL, 5, 35, 35, 16760, 'App\\User', 25, 'App\\User', 25, '2024-08-30 15:07:19', '2024-08-30 15:07:19'),
	(50145, '148', 'PESO', NULL, NULL, '2024-08-31 08:19:00', NULL, 5, 165, 165, 16761, 'App\\User', 25, 'App\\User', 25, '2024-08-31 08:19:16', '2024-08-31 08:19:16'),
	(50146, '148', 'COBRO FACTURA&nbsp;', NULL, NULL, '2024-08-31 09:02:00', NULL, 5, 105, 105, 16762, 'App\\User', 25, 'App\\User', 25, '2024-08-31 09:02:50', '2024-08-31 09:02:50'),
	(50147, '148', 'PINTAR LAS OFICINA&nbsp;', NULL, NULL, '2024-08-31 09:10:00', NULL, 5, 225, 225, 16763, 'App\\User', 25, 'App\\User', 25, '2024-08-31 09:10:00', '2024-08-31 09:10:00'),
	(50148, '120', 'PLANTA', 'NUEVO', NULL, '2024-09-02 08:54:00', NULL, 5, 105, 105, 16764, 'App\\User', 25, 'App\\User', 25, '2024-09-02 08:54:38', '2024-09-02 08:54:38'),
	(50149, '120', 'PESO', 'NUEVO', NULL, '2024-09-02 09:21:00', NULL, 5, 165, 165, 16765, 'App\\User', 25, 'App\\User', 25, '2024-09-02 09:21:01', '2024-09-02 09:21:01'),
	(50150, '120', 'RRHH', NULL, NULL, '2024-09-02 12:01:00', NULL, 5, 35, 35, 16516, 'App\\User', 1, 'App\\User', 1, '2024-09-02 12:01:33', '2024-09-02 12:01:33'),
	(50151, '120', 'peso', NULL, NULL, '2024-09-02 14:35:00', NULL, 5, 165, 165, 16516, 'App\\User', 1, 'App\\User', 1, '2024-09-02 14:35:59', '2024-09-02 14:35:59'),
	(50152, '120', 'RRHH', 'FARMACIA YNA', NULL, '2024-09-02 15:24:00', NULL, 5, 35, 35, 16766, 'App\\User', 25, 'App\\User', 25, '2024-09-02 15:24:09', '2024-09-02 15:24:09'),
	(50153, '121', 'rrhh', 'FARMACIA YNA', NULL, '2024-09-03 09:56:00', NULL, 5, 35, 35, 16516, 'App\\User', 1, 'App\\User', 1, '2024-09-03 09:56:44', '2024-09-03 09:56:44'),
	(50154, '122', 'peso', NULL, NULL, '2024-09-04 09:09:00', NULL, 5, 165, 165, 16516, 'App\\User', 1, 'App\\User', 1, '2024-09-04 09:09:33', '2024-09-04 09:09:33'),
	(50155, '122', 'peso', NULL, NULL, '2024-09-04 09:41:00', NULL, 5, 165, 165, 16516, 'App\\User', 1, 'App\\User', 1, '2024-09-04 09:41:52', '2024-09-04 09:41:52'),
	(50156, '122', 'rrhh', 'FARMACIA YNA', NULL, '2024-09-04 10:14:00', NULL, 5, 35, 35, 16516, 'App\\User', 1, 'App\\User', 1, '2024-09-04 10:14:42', '2024-09-04 10:14:42'),
	(50157, '122', 'PLANTA', 'NUEVO', NULL, '2024-09-04 10:27:00', NULL, 5, 105, 105, 16767, 'App\\User', 25, 'App\\User', 25, '2024-09-04 10:27:36', '2024-09-04 10:27:36'),
	(50158, '122', 'PLANTA', NULL, NULL, '2024-09-04 10:29:00', NULL, 5, 65, 65, 16516, 'App\\User', 25, 'App\\User', 25, '2024-09-04 10:29:02', '2024-09-04 10:29:02'),
	(50159, '122', 'PLANTA', NULL, NULL, '2024-09-04 11:45:00', NULL, 5, 255, 255, 16516, 'App\\User', 25, 'App\\User', 25, '2024-09-04 11:45:32', '2024-09-04 11:45:32'),
	(50160, '122', 'PESO', 'NUEVO', NULL, '2024-09-04 15:39:00', NULL, 5, 165, 165, 16768, 'App\\User', 25, 'App\\User', 25, '2024-09-04 15:39:10', '2024-09-04 15:39:10'),
	(50161, '122', 'RRHH', 'ARS FUTURO', NULL, '2024-09-04 16:07:00', NULL, 5, 35, 35, 16769, 'App\\User', 25, 'App\\User', 25, '2024-09-04 16:07:57', '2024-09-04 16:07:57'),
	(50162, '123', 'planta', NULL, NULL, '2024-09-05 10:40:00', NULL, 5, 55, 55, 16516, 'App\\User', 1, 'App\\User', 1, '2024-09-05 10:40:09', '2024-09-05 10:40:09'),
	(50163, '123', 'PESO', 'FARMACIA YNA', NULL, '2024-09-05 16:50:00', NULL, 5, 35, 35, 16770, 'App\\User', 25, 'App\\User', 25, '2024-09-05 16:50:19', '2024-09-05 16:50:19');
/*!40000 ALTER TABLE `visiting_details` ENABLE KEYS */;

-- Dumping structure for table visitorpass.visitors
CREATE TABLE IF NOT EXISTS `visitors` (
  `id` bigint(20) unsigned NOT NULL AUTO_INCREMENT,
  `first_name` varchar(100) NOT NULL,
  `last_name` varchar(100) NOT NULL,
  `email` varchar(100) DEFAULT NULL,
  `phone` varchar(40) DEFAULT NULL,
  `gender` tinyint(3) unsigned DEFAULT NULL,
  `address` varchar(225) DEFAULT NULL,
  `national_identification_no` varchar(100) DEFAULT NULL,
  `is_pre_register` tinyint(1) NOT NULL,
  `status` tinyint(3) unsigned NOT NULL,
  `creator_type` varchar(191) DEFAULT NULL,
  `creator_id` bigint(20) unsigned NOT NULL,
  `editor_type` varchar(191) DEFAULT NULL,
  `editor_id` bigint(20) unsigned NOT NULL,
  `created_at` timestamp NULL DEFAULT NULL,
  `updated_at` timestamp NULL DEFAULT NULL,
  PRIMARY KEY (`id`),
  KEY `visitors_creator_type_creator_id_index` (`creator_type`,`creator_id`),
  KEY `visitors_editor_type_editor_id_index` (`editor_type`,`editor_id`)
) ENGINE=MyISAM AUTO_INCREMENT=16771 DEFAULT CHARSET=utf8mb4 COLLATE=utf8mb4_unicode_ci;

-- Dumping data for table visitorpass.visitors: 255 rows
/*!40000 ALTER TABLE `visitors` DISABLE KEYS */;
REPLACE INTO `visitors` (`id`, `first_name`, `last_name`, `email`, `phone`, `gender`, `address`, `national_identification_no`, `is_pre_register`, `status`, `creator_type`, `creator_id`, `editor_type`, `editor_id`, `created_at`, `updated_at`) VALUES
	(16516, 'SR. OLA', 'vARRIETA', NULL, NULL, 5, NULL, '031-0097755-6', 0, 5, 'App\\User', 25, 'App\\User', 25, '2024-07-10 11:00:08', '2024-09-05 10:40:42'),
	(16517, 'STEVEN JOSUE', 'POLANCO V', NULL, NULL, 5, NULL, '031-0556679-2', 0, 5, 'App\\User', 25, 'App\\User', 25, '2024-07-10 11:21:38', '2024-07-10 11:21:38'),
	(16518, 'FRANKLIN ANT', 'MARTE CORONADO', NULL, NULL, 5, NULL, '031-0493772-1', 0, 5, 'App\\User', 25, 'App\\User', 25, '2024-07-10 12:13:16', '2024-07-10 12:13:16'),
	(16519, 'JUAN GABRIEL', 'CRUZ', NULL, NULL, 5, NULL, '031-0422269-4', 0, 5, 'App\\User', 25, 'App\\User', 25, '2024-07-10 13:50:39', '2024-07-10 13:50:39'),
	(16520, 'CARLOS DANIEL', 'CORNIEL', NULL, NULL, 5, NULL, '402-1242921-7', 0, 5, 'App\\User', 25, 'App\\User', 25, '2024-07-10 14:14:15', '2024-07-10 14:14:15'),
	(16521, 'PABLO JOSE', 'NUÑEZ', NULL, NULL, 5, NULL, '031-0015511-2', 0, 5, 'App\\User', 25, 'App\\User', 25, '2024-07-10 14:17:17', '2024-07-10 14:17:17'),
	(16522, 'JOSE MARTIN', 'MARTINEZ R', NULL, NULL, 5, NULL, '402-4074957-8', 0, 5, 'App\\User', 25, 'App\\User', 25, '2024-07-10 14:51:24', '2024-07-10 14:51:24'),
	(16523, 'VICENTE ALFREDO', 'VERAS', NULL, NULL, 5, NULL, '031-0203668-2', 0, 5, 'App\\User', 25, 'App\\User', 25, '2024-07-10 14:57:27', '2024-07-10 14:57:27'),
	(16524, 'JOSE DE JESUS', 'VERA DE LEON', NULL, NULL, 5, NULL, '031-0203666-6', 0, 5, 'App\\User', 25, 'App\\User', 25, '2024-07-10 15:33:11', '2024-07-10 15:33:11'),
	(16525, 'JOAQUIN ANT', 'MARIA DOMINGUEZ', NULL, NULL, 5, NULL, '031-0307796-6', 0, 5, 'App\\User', 25, 'App\\User', 25, '2024-07-10 16:00:06', '2024-07-10 16:00:06'),
	(16526, 'ROELVI', 'VASQUE PEÑA', NULL, NULL, 5, NULL, '402-0979163-7', 0, 5, 'App\\User', 25, 'App\\User', 25, '2024-07-10 16:14:27', '2024-07-10 16:14:27'),
	(16527, 'JULIO ARISMENDI', 'SIRI BLANCO', NULL, NULL, 5, NULL, '031-0272283-6', 0, 5, 'App\\User', 25, 'App\\User', 25, '2024-07-11 08:54:13', '2024-07-11 08:54:13'),
	(16528, 'RAFAEL ANTONIO', 'MARTINEZ', NULL, NULL, 5, NULL, '031-0244716-6', 0, 5, 'App\\User', 25, 'App\\User', 25, '2024-07-11 09:18:31', '2024-07-11 09:18:31'),
	(16529, 'LEONARDO', 'DOMINGUEZ VENTURA', NULL, NULL, 5, NULL, '031-0127242-9', 0, 5, 'App\\User', 25, 'App\\User', 25, '2024-07-11 09:57:15', '2024-07-11 09:57:15'),
	(16530, 'JOSE CARLOS', 'THOMEN JIMENEZ', NULL, NULL, 5, NULL, '031-0500848-0', 0, 5, 'App\\User', 25, 'App\\User', 25, '2024-07-11 10:04:34', '2024-07-11 10:04:34'),
	(16531, 'EDDIE R', 'CASTELLANOS YUTAN', NULL, NULL, 5, NULL, '2502-15535-0301', 0, 5, 'App\\User', 25, 'App\\User', 25, '2024-07-11 10:06:17', '2024-07-11 10:06:17'),
	(16532, 'LUIS HUMBERTO', 'OROZCO G', NULL, NULL, 5, NULL, '1857-60856-1202', 0, 5, 'App\\User', 25, 'App\\User', 25, '2024-07-11 10:07:20', '2024-07-11 10:07:20'),
	(16533, 'ANDRES', 'GARCIA C', NULL, NULL, 5, NULL, '2463528170101', 0, 5, 'App\\User', 25, 'App\\User', 25, '2024-07-11 10:08:15', '2024-07-11 10:08:15'),
	(16534, 'GREGORIO', 'COLON', NULL, NULL, 5, NULL, '031-0310127-9', 0, 5, 'App\\User', 25, 'App\\User', 25, '2024-07-11 10:24:04', '2024-07-11 10:24:04'),
	(16535, 'JOSE LUIS', 'ESPAILLAT', NULL, NULL, 5, NULL, '031-0215376-8', 0, 5, 'App\\User', 25, 'App\\User', 25, '2024-07-11 10:38:53', '2024-07-11 10:38:53'),
	(16536, 'SECUNDINO MARIA', 'DOMINGUEZ D', NULL, NULL, 5, NULL, '031-0128289-9', 0, 5, 'App\\User', 25, 'App\\User', 25, '2024-07-11 11:05:13', '2024-07-11 11:05:13'),
	(16537, 'CARLOS MANUEL', 'DOMINGUEZ T', NULL, NULL, 5, NULL, '402-1090423-7', 0, 5, 'App\\User', 25, 'App\\User', 25, '2024-07-11 11:53:49', '2024-07-11 11:53:49'),
	(16538, 'ARCADIO', 'PAULINO POLANCO', NULL, NULL, 5, NULL, '031-02566112-7', 0, 5, 'App\\User', 25, 'App\\User', 25, '2024-07-11 11:58:26', '2024-07-11 11:58:26'),
	(16539, 'YULY MARIA', 'COLON', NULL, NULL, 10, NULL, '402-2705982-7', 0, 5, 'App\\User', 25, 'App\\User', 25, '2024-07-11 13:45:29', '2024-07-11 13:45:29'),
	(16540, 'MANUEL ANT', 'DE LEON MERCADO', NULL, NULL, 5, NULL, '031-0363513-6', 0, 5, 'App\\User', 25, 'App\\User', 25, '2024-07-11 14:08:45', '2024-07-11 14:08:45'),
	(16541, 'JUAN EVANGELISTA', 'MARTINEZ J', NULL, NULL, 5, NULL, '036-0004316-4', 0, 5, 'App\\User', 25, 'App\\User', 25, '2024-07-11 14:18:18', '2024-07-11 14:18:18'),
	(16542, 'MANUEL DE JESUS', 'DEL ROSARIO', NULL, NULL, 5, NULL, '031-0375673-8', 0, 5, 'App\\User', 25, 'App\\User', 25, '2024-07-11 15:08:55', '2024-07-11 15:08:55'),
	(16543, 'GERALDO', 'HERNANDEZ JIMENEZ', NULL, NULL, 5, NULL, '039-0013828-4', 0, 5, 'App\\User', 25, 'App\\User', 25, '2024-07-11 15:19:14', '2024-07-11 15:19:14'),
	(16544, 'PABLO ANTONIO', 'DOMINGUEZ', NULL, NULL, 5, NULL, '031-0377831-6', 0, 5, 'App\\User', 25, 'App\\User', 25, '2024-07-11 15:32:40', '2024-07-11 15:32:40'),
	(16545, 'RAMONA', 'ALONZO', NULL, NULL, 5, NULL, '031-0201657-7', 0, 5, 'App\\User', 25, 'App\\User', 25, '2024-07-11 16:23:32', '2024-07-11 16:23:32'),
	(16546, 'WANDY', 'RODRIGUEZ', NULL, NULL, 5, NULL, '402-1137754-0', 0, 5, 'App\\User', 25, 'App\\User', 25, '2024-07-11 16:42:26', '2024-07-11 16:42:26'),
	(16547, 'ARCADIO', 'DIAZ', NULL, NULL, 5, NULL, '031-0228212-0', 0, 5, 'App\\User', 25, 'App\\User', 25, '2024-07-12 09:34:06', '2024-07-12 09:34:06'),
	(16548, 'EDUARD MANUEL', 'DE LA CRUZ', NULL, NULL, 5, NULL, '402-1033824-6', 0, 5, 'App\\User', 25, 'App\\User', 25, '2024-07-12 09:57:09', '2024-07-12 09:57:09'),
	(16549, 'LENNIN', 'CONTRERA', NULL, NULL, 5, NULL, '001-0793522-3', 0, 5, 'App\\User', 25, 'App\\User', 25, '2024-07-12 10:20:02', '2024-07-12 10:20:02'),
	(16550, 'IGNACIO', 'BATISTA', NULL, NULL, 5, NULL, '031-0114670-6', 0, 5, 'App\\User', 25, 'App\\User', 25, '2024-07-12 10:50:07', '2024-07-12 10:50:07'),
	(16551, 'SERGIO NICOLAS', 'BAUTISTA ALM', NULL, NULL, 5, NULL, '031-0025601-9', 0, 5, 'App\\User', 25, 'App\\User', 25, '2024-07-12 10:51:48', '2024-07-12 10:51:48'),
	(16552, 'ANGEL MANUEL', 'PEÑA', NULL, NULL, 5, NULL, '031-0306154-9', 0, 5, 'App\\User', 25, 'App\\User', 25, '2024-07-12 11:12:27', '2024-07-12 11:12:27'),
	(16553, 'MIGUEL ALEJANDRO', 'AGUILERA NINA', NULL, NULL, 5, NULL, '093-0074516-7', 0, 5, 'App\\User', 25, 'App\\User', 25, '2024-07-12 11:18:12', '2024-07-12 11:18:12'),
	(16554, 'EUCLIDE MONINGO', 'DE LEON C', NULL, NULL, 5, NULL, '031-0480717-1', 0, 5, 'App\\User', 25, 'App\\User', 25, '2024-07-12 11:20:10', '2024-07-12 11:20:10'),
	(16555, 'ORQUIDEA', 'REYES', NULL, NULL, 5, NULL, '402-1143457-2', 0, 5, 'App\\User', 25, 'App\\User', 25, '2024-07-12 13:46:32', '2024-07-12 13:46:32'),
	(16556, 'YUNIOR A', 'VARGAS', NULL, NULL, 5, NULL, '094-0022369-0', 0, 5, 'App\\User', 25, 'App\\User', 25, '2024-07-12 14:14:22', '2024-07-12 14:14:22'),
	(16557, 'JULIAN ANTONIO', 'ABREU', NULL, NULL, 5, NULL, '031-0269274-0', 0, 5, 'App\\User', 25, 'App\\User', 25, '2024-07-12 14:16:21', '2024-07-12 14:16:21'),
	(16558, 'YEUDY', 'SUERO MARTE', NULL, NULL, 5, NULL, '402-2678930-9', 0, 5, 'App\\User', 25, 'App\\User', 25, '2024-07-12 14:22:00', '2024-07-12 14:22:00'),
	(16559, 'BRUNO', 'TAVAREZ', NULL, NULL, 5, NULL, '031-0128156-0', 0, 5, 'App\\User', 25, 'App\\User', 25, '2024-07-12 14:22:47', '2024-07-12 14:22:47'),
	(16560, 'ESMELY', 'LUNA MARIA', NULL, NULL, 5, NULL, '031-0344479-4', 0, 5, 'App\\User', 25, 'App\\User', 25, '2024-07-12 15:07:14', '2024-07-12 15:07:14'),
	(16561, 'SANTOS', 'RODRIGUEZ RODRIGUEZ', NULL, NULL, 5, NULL, '031-0407583-7', 0, 5, 'App\\User', 25, 'App\\User', 25, '2024-07-12 15:13:05', '2024-07-12 15:13:05'),
	(16562, 'ENRIQUE ANT', 'PICHARDO PEÑA', NULL, NULL, 5, NULL, '031-0357559-7', 0, 5, 'App\\User', 25, 'App\\User', 25, '2024-07-12 15:28:27', '2024-07-12 15:28:27'),
	(16563, 'BERNARDO DE JESUS', 'DOMINGUEZ D', NULL, NULL, 5, NULL, '402-2352434-5', 0, 5, 'App\\User', 25, 'App\\User', 25, '2024-07-12 15:47:36', '2024-07-12 15:47:36'),
	(16564, 'QUINTINO', 'RONDON', NULL, NULL, 5, NULL, '087-0013486-2', 0, 5, 'App\\User', 25, 'App\\User', 25, '2024-07-15 10:37:35', '2024-07-15 10:37:35'),
	(16565, 'JOSE ALEJANDRO', 'COLON P', NULL, NULL, 5, NULL, '031-0134259-4', 0, 5, 'App\\User', 25, 'App\\User', 25, '2024-07-15 11:32:49', '2024-07-15 11:32:49'),
	(16566, 'MIGUEL', 'AGUILERA', NULL, NULL, 5, NULL, '093-0074516-4', 0, 5, 'App\\User', 25, 'App\\User', 25, '2024-07-15 13:25:03', '2024-07-15 13:25:03'),
	(16567, 'EDY', 'DOMINGUEZ', NULL, NULL, 5, NULL, NULL, 1, 5, 'App\\User', 25, 'App\\User', 25, '2024-07-15 13:57:01', '2024-07-15 13:57:01'),
	(16568, 'EDY', 'DOMINGUEZ', NULL, NULL, 5, NULL, '402-3839319-9', 0, 5, 'App\\User', 25, 'App\\User', 25, '2024-07-15 13:58:40', '2024-07-15 13:58:40'),
	(16569, 'NELSON', 'TORIBIO POLANCO', NULL, NULL, 5, NULL, '031-0534825-8', 0, 5, 'App\\User', 25, 'App\\User', 25, '2024-07-15 14:00:14', '2024-07-15 14:00:14'),
	(16570, 'JOSE', 'SURIEL VARGAS', NULL, NULL, 5, NULL, '031-0299676-0', 0, 5, 'App\\User', 25, 'App\\User', 25, '2024-07-15 14:01:29', '2024-07-15 14:01:29'),
	(16571, 'JESUS', 'UREÑA', NULL, NULL, 5, NULL, '031-0324574-6', 0, 5, 'App\\User', 25, 'App\\User', 25, '2024-07-15 14:16:18', '2024-07-15 14:16:18'),
	(16572, 'LUIS', 'COLON ACEVEDO', NULL, NULL, 5, NULL, '402-4203222-1', 0, 5, 'App\\User', 25, 'App\\User', 25, '2024-07-15 14:21:54', '2024-07-15 14:21:54'),
	(16573, 'DANIEL', 'PEÑA', NULL, NULL, 5, NULL, '031-0132055-8', 0, 5, 'App\\User', 25, 'App\\User', 25, '2024-07-15 14:47:42', '2024-07-15 14:47:42'),
	(16574, 'SILVESTRSE', 'DIAZ TAVAREZ', NULL, NULL, 5, NULL, '031-0265901-2', 0, 5, 'App\\User', 25, 'App\\User', 25, '2024-07-15 15:22:56', '2024-07-15 15:22:56'),
	(16575, 'INOSECIO', 'RODRIGUEZ COLLADO', NULL, NULL, 5, NULL, NULL, 0, 5, 'App\\User', 25, 'App\\User', 25, '2024-07-15 15:48:28', '2024-07-15 15:48:28'),
	(16576, 'VICTOR', 'GUTIERREZ GUZMAN', NULL, NULL, 5, NULL, '031-0437859-5', 0, 5, 'App\\User', 25, 'App\\User', 25, '2024-07-15 16:00:13', '2024-07-15 16:00:13'),
	(16577, 'ANGEL MARIA', 'SOSA FRANCO', NULL, NULL, 5, NULL, '031-0132619-1', 0, 5, 'App\\User', 25, 'App\\User', 25, '2024-07-16 08:07:28', '2024-07-16 08:07:28'),
	(16578, 'LUCIANO', 'CABRERA ARIAS', NULL, NULL, 5, NULL, '039-0007440-6', 0, 5, 'App\\User', 25, 'App\\User', 25, '2024-07-16 10:26:47', '2024-07-16 10:26:47'),
	(16585, 'RAMON EMILIO', 'RODRIGUEZ C', NULL, NULL, 5, NULL, '031-0443779-7', 0, 5, 'App\\User', 25, 'App\\User', 25, '2024-07-16 16:35:45', '2024-07-16 16:35:45'),
	(16579, 'FEDERICO ANT', 'PEÑA', NULL, NULL, 5, NULL, '037-0027406-5', 0, 5, 'App\\User', 25, 'App\\User', 25, '2024-07-16 11:23:51', '2024-07-16 11:23:51'),
	(16580, 'YORADNI', 'GOMEZ', NULL, NULL, 5, NULL, '402-2323777-3', 0, 5, 'App\\User', 25, 'App\\User', 25, '2024-07-16 13:19:30', '2024-07-16 13:19:30'),
	(16581, 'MANUEL', 'DE LEON', NULL, NULL, 5, NULL, '031-0363513-6', 0, 5, 'App\\User', 25, 'App\\User', 25, '2024-07-16 13:52:34', '2024-07-16 13:52:34'),
	(16582, 'CRISTIAN RICARDO', 'MIRABAL M', NULL, NULL, 5, NULL, '031-0347998-0', 0, 5, 'App\\User', 25, 'App\\User', 25, '2024-07-16 13:57:16', '2024-07-16 13:57:16'),
	(16583, 'ROBINSON', 'DOMINGUEZ T', NULL, NULL, 5, NULL, '031-0370185-4', 0, 5, 'App\\User', 25, 'App\\User', 25, '2024-07-16 14:33:42', '2024-07-16 14:33:42'),
	(16584, 'JOSE LUIS', 'MARTINEZ ROSARIO', NULL, NULL, 5, NULL, '402-3568157-0', 0, 5, 'App\\User', 25, 'App\\User', 25, '2024-07-16 14:43:52', '2024-07-16 14:43:52'),
	(16586, 'ARCALIS RAFAEL', 'ALMONTE', NULL, NULL, 5, NULL, '402-2208612-2', 0, 5, 'App\\User', 25, 'App\\User', 25, '2024-07-17 11:27:58', '2024-07-17 11:27:58'),
	(16587, 'MERCEDES', 'SANTIAGO', NULL, NULL, 5, NULL, '031-0018733-9', 0, 5, 'App\\User', 25, 'App\\User', 25, '2024-07-17 11:31:53', '2024-07-17 11:31:53'),
	(16588, 'ELIAS', 'VALERIO', NULL, NULL, 5, NULL, '402-4390423-8', 0, 5, 'App\\User', 25, 'App\\User', 25, '2024-07-17 12:09:53', '2024-07-17 12:09:53'),
	(16589, 'GERALDO', 'NAVARRO', NULL, NULL, 5, NULL, '047-0187593-4', 0, 5, 'App\\User', 25, 'App\\User', 25, '2024-07-17 12:47:39', '2024-07-17 12:47:39'),
	(16590, 'YULY MARIA', 'COLON', NULL, NULL, 10, NULL, '402-2705982-7', 0, 5, 'App\\User', 25, 'App\\User', 25, '2024-07-17 13:51:21', '2024-07-17 13:51:21'),
	(16591, 'CARLO', 'TEJADA', NULL, NULL, 5, NULL, '402-2819220-5', 0, 5, 'App\\User', 25, 'App\\User', 25, '2024-07-17 16:31:15', '2024-07-17 16:31:15'),
	(16592, 'Rafael', 'ALMONTE', NULL, NULL, 5, NULL, '03103219410', 0, 5, 'App\\User', 25, 'App\\User', 25, '2024-07-18 10:28:07', '2024-07-18 10:28:07'),
	(16593, 'Cristino', 'PEREZ', NULL, NULL, 5, NULL, '03103859124', 0, 5, 'App\\User', 25, 'App\\User', 25, '2024-07-18 10:39:58', '2024-07-18 10:39:58'),
	(16594, 'JESUS', 'PORTELA', NULL, NULL, 5, NULL, '03100281678', 0, 5, 'App\\User', 25, 'App\\User', 25, '2024-07-18 12:44:08', '2024-07-18 12:49:34'),
	(16595, 'RAMON ANDRES', 'DE LEON', NULL, NULL, 5, NULL, '03102035874', 0, 5, 'App\\User', 25, 'App\\User', 25, '2024-07-18 15:04:48', '2024-07-18 15:04:48'),
	(16596, 'EDUARDO', 'CABRERA', NULL, NULL, 5, NULL, '03100128523', 0, 5, 'App\\User', 25, 'App\\User', 25, '2024-07-18 15:09:39', '2024-07-18 15:09:39'),
	(16597, 'HENRY', 'PARRA', NULL, NULL, 5, NULL, '03900205778', 0, 5, 'App\\User', 25, 'App\\User', 25, '2024-07-18 15:21:07', '2024-07-18 15:21:07'),
	(16598, 'FRANCISCO', 'TAVAREZ', NULL, NULL, 5, NULL, '03101045197', 0, 5, 'App\\User', 25, 'App\\User', 25, '2024-07-18 15:25:05', '2024-07-18 15:25:05'),
	(16599, 'RAFAEL', 'BAUTISTA', NULL, NULL, 5, NULL, '03100071442', 0, 5, 'App\\User', 25, 'App\\User', 25, '2024-07-18 15:32:04', '2024-07-18 15:32:04'),
	(16600, 'YUNIOR ANTONIO', 'SOSA SOSA', NULL, NULL, 5, NULL, '402-2680218-5', 0, 5, 'App\\User', 25, 'App\\User', 25, '2024-07-19 08:57:06', '2024-07-19 08:57:06'),
	(16601, 'HENNRY', 'PARRA NUÑEZ', NULL, NULL, 5, NULL, '039-0020577-8', 0, 5, 'App\\User', 25, 'App\\User', 25, '2024-07-19 09:50:44', '2024-07-19 09:50:44'),
	(16602, 'ANIBAL ANT', 'VLERIO BAUTISTA', NULL, NULL, 5, NULL, '402-2712995-0', 0, 5, 'App\\User', 25, 'App\\User', 25, '2024-07-19 11:27:40', '2024-07-19 11:27:40'),
	(16611, 'EUSEBIO', 'JIMINIAN LEON', NULL, NULL, 5, NULL, '031-0126070-5', 0, 5, 'App\\User', 25, 'App\\User', 25, '2024-07-22 14:01:31', '2024-07-22 14:01:31'),
	(16603, 'SANTIAGO', 'DE LEON TAVAREZ', NULL, NULL, 5, NULL, '402-2356491-1', 0, 5, 'App\\User', 25, 'App\\User', 25, '2024-07-19 13:01:49', '2024-07-19 13:01:49'),
	(16604, 'MARIA ANT', 'PERES MALDONDO', NULL, NULL, 5, NULL, '031-0003061-2', 0, 5, 'App\\User', 25, 'App\\User', 25, '2024-07-19 14:36:11', '2024-07-19 14:36:11'),
	(16605, 'JUAN', 'GABRIEL MORALES', NULL, NULL, 5, NULL, '031-0422269-4', 0, 5, 'App\\User', 25, 'App\\User', 25, '2024-07-19 14:41:32', '2024-07-19 14:41:32'),
	(16606, 'LEONARDO', 'SOSA', NULL, NULL, 5, NULL, '402-2712995-0', 0, 5, 'App\\User', 25, 'App\\User', 25, '2024-07-19 15:12:36', '2024-07-19 15:12:36'),
	(16607, 'DANIEL', 'MELENDEZ', NULL, NULL, 5, NULL, '031-0308224-8', 0, 5, 'App\\User', 25, 'App\\User', 25, '2024-07-19 15:23:15', '2024-07-19 15:23:15'),
	(16608, 'JOSE RAFAEL', 'TAVAREZ', NULL, NULL, 5, NULL, '031-0461675-4', 0, 5, 'App\\User', 25, 'App\\User', 25, '2024-07-22 09:23:44', '2024-07-22 09:23:44'),
	(16609, 'PEDRO ROBERTO', 'NUÑEZ BAUTISTA', NULL, NULL, 5, NULL, '031-0128023-2', 0, 5, 'App\\User', 25, 'App\\User', 25, '2024-07-22 09:30:57', '2024-07-22 09:30:57'),
	(16610, 'JOSE ANT', 'DE LO SANTOS HENRIQUEZ', NULL, NULL, 5, NULL, '402-3331905-8', 0, 5, 'App\\User', 25, 'App\\User', 25, '2024-07-22 11:30:58', '2024-07-22 11:30:58'),
	(16612, 'ESTANILAO', 'PARRA CIRIACO', NULL, NULL, 5, NULL, '031-0009751-2', 0, 5, 'App\\User', 25, 'App\\User', 25, '2024-07-22 14:39:19', '2024-07-22 14:39:19'),
	(16613, 'ESTEFANIA', 'PEREZ', NULL, NULL, 5, NULL, '096-0027428-7', 0, 5, 'App\\User', 25, 'App\\User', 25, '2024-07-22 15:04:56', '2024-07-22 15:04:56'),
	(16614, 'JULIAN ANT', 'ABREU', NULL, NULL, 5, NULL, '031-0126070-5', 0, 5, 'App\\User', 25, 'App\\User', 25, '2024-07-22 15:10:36', '2024-07-22 15:10:36'),
	(16615, 'TEOFILO', 'LOPEZ', NULL, NULL, 5, NULL, '031-0472170-3', 0, 5, 'App\\User', 25, 'App\\User', 25, '2024-07-22 15:49:27', '2024-07-22 15:49:27'),
	(16616, 'FELIX', 'VARGAS', NULL, NULL, 5, NULL, '402-2063977-3', 0, 5, 'App\\User', 25, 'App\\User', 25, '2024-07-23 09:55:30', '2024-07-23 09:55:30'),
	(16617, 'SR. OLA', 'BARRIETA', NULL, NULL, 5, NULL, '031-0097755-6', 0, 5, 'App\\User', 25, 'App\\User', 25, '2024-07-23 10:24:35', '2024-07-23 10:24:35'),
	(16618, 'FRANKLYN', 'TAVAREZ', NULL, NULL, 5, NULL, '031-0315946-7', 0, 5, 'App\\User', 25, 'App\\User', 25, '2024-07-23 11:07:59', '2024-07-23 11:07:59'),
	(16619, 'NELSON MANUEL', 'NUÑEZ TAVAREZ', NULL, NULL, 5, NULL, '031-0558148-6', 0, 5, 'App\\User', 25, 'App\\User', 25, '2024-07-23 13:06:31', '2024-07-23 13:06:31'),
	(16620, 'TOMAS', 'SILVERIO', NULL, NULL, 5, NULL, '072-0011278-2', 0, 5, 'App\\User', 25, 'App\\User', 25, '2024-07-23 13:16:22', '2024-07-23 13:16:22'),
	(16621, 'RAFAEL MARCELINO', 'DOMINGUEZ DOM', NULL, NULL, 5, NULL, '031-0010238-7', 0, 5, 'App\\User', 25, 'App\\User', 25, '2024-07-23 15:10:49', '2024-07-23 15:10:49'),
	(16622, 'JOSE', 'HICIANO', NULL, NULL, 5, NULL, '223-0045340-8', 0, 5, 'App\\User', 25, 'App\\User', 25, '2024-07-23 15:53:49', '2024-07-23 15:53:49'),
	(16623, 'EUDY', 'HERNANDEZ', NULL, NULL, 5, NULL, '094-0021978-9', 0, 5, 'App\\User', 25, 'App\\User', 25, '2024-07-24 08:40:44', '2024-07-24 08:40:44'),
	(16624, 'RAFAEL', 'UREÑA', NULL, NULL, 5, NULL, '031-0125519-2', 0, 5, 'App\\User', 25, 'App\\User', 25, '2024-07-24 08:54:49', '2024-07-24 08:54:49'),
	(16625, 'PEPERE', 'MERA', NULL, NULL, 5, NULL, '123-0006539-3', 0, 5, 'App\\User', 25, 'App\\User', 25, '2024-07-24 11:29:22', '2024-07-24 11:29:22'),
	(16634, 'OSVALDO NACCOL', 'ROSA AYALA', NULL, NULL, 5, NULL, '402-1114346-2', 0, 5, 'App\\User', 25, 'App\\User', 25, '2024-07-25 10:51:56', '2024-07-25 10:51:56'),
	(16626, 'RAMON ANDRES', 'DE LEON', NULL, NULL, 5, NULL, '031-0203587-4', 0, 5, 'App\\User', 25, 'App\\User', 25, '2024-07-24 14:45:19', '2024-07-24 14:45:19'),
	(16627, 'RAMON FERNANDO', 'LUNA', NULL, NULL, 5, NULL, '031-0558785-5', 0, 5, 'App\\User', 25, 'App\\User', 25, '2024-07-24 14:54:20', '2024-07-24 14:54:20'),
	(16628, 'HENRRY', 'CRUZ', NULL, NULL, 5, NULL, '031-0307939-2', 0, 5, 'App\\User', 25, 'App\\User', 25, '2024-07-24 16:02:29', '2024-07-24 16:02:29'),
	(16629, 'EDWIN RAFAEL', 'BRITO', NULL, NULL, 5, NULL, '402-2034464-8', 0, 5, 'App\\User', 25, 'App\\User', 25, '2024-07-24 16:23:06', '2024-07-24 16:23:06'),
	(16630, 'STIVEN JOSE', 'UREÑA', NULL, NULL, 5, NULL, '402-1173586-1', 0, 5, 'App\\User', 25, 'App\\User', 25, '2024-07-25 08:29:19', '2024-07-25 08:29:19'),
	(16631, 'RAMON ZACARIAS', 'MEDINA', NULL, NULL, 5, NULL, '031-0124051-7', 0, 5, 'App\\User', 25, 'App\\User', 25, '2024-07-25 09:15:33', '2024-07-25 09:15:33'),
	(16632, 'TERESITA', 'JIMENEZ', NULL, NULL, 5, NULL, '031-0100777-5', 0, 5, 'App\\User', 25, 'App\\User', 25, '2024-07-25 09:17:07', '2024-07-25 09:17:07'),
	(16633, 'HANSEL RAMON', 'SANCHEZ', NULL, NULL, 5, NULL, '402-1173586-1', 0, 5, 'App\\User', 25, 'App\\User', 25, '2024-07-25 09:53:09', '2024-07-25 09:53:09'),
	(16640, 'PABLO ROLANDO', 'ALMONTE P', NULL, NULL, 5, NULL, '056-0111493-6', 0, 5, 'App\\User', 25, 'App\\User', 25, '2024-07-26 14:26:14', '2024-07-26 14:26:14'),
	(16635, 'ROBERTO AUGUSTO', 'SOSA', NULL, NULL, 5, NULL, '031-0127262-7', 0, 5, 'App\\User', 25, 'App\\User', 25, '2024-07-25 15:20:50', '2024-07-25 15:20:50'),
	(16636, 'VICTOR', 'GUTIERRE', NULL, NULL, 5, NULL, '031-0437859-5', 0, 5, 'App\\User', 25, 'App\\User', 25, '2024-07-25 15:45:20', '2024-07-25 15:45:20'),
	(16637, 'PEDRO EXEQUIEL', 'ESPINAL', NULL, NULL, 5, NULL, '031-0484302-8', 0, 5, 'App\\User', 25, 'App\\User', 25, '2024-07-25 16:49:56', '2024-07-25 16:49:56'),
	(16638, 'RAFAEL GUILLERMO', 'SANTANA R', NULL, NULL, 5, NULL, '031-0299522-6', 0, 5, 'App\\User', 25, 'App\\User', 25, '2024-07-26 08:38:53', '2024-07-26 08:38:53'),
	(16639, 'RAUL FELIX', 'LOPEZ', NULL, NULL, 5, NULL, '019-0007526-6', 0, 5, 'App\\User', 25, 'App\\User', 25, '2024-07-26 09:38:30', '2024-07-26 09:38:30'),
	(16641, 'JOSUE DAVI', 'SILVERIO', NULL, NULL, 5, NULL, '120-0001279-4', 0, 5, 'App\\User', 25, 'App\\User', 25, '2024-07-26 14:28:38', '2024-07-26 14:28:38'),
	(16642, 'JONATHAN', 'PEÑA CABRERA', NULL, NULL, 5, NULL, '031-05432221-9', 0, 5, 'App\\User', 25, 'App\\User', 25, '2024-07-26 15:51:43', '2024-07-26 15:51:43'),
	(16643, 'JULIO ANTONIO', 'VERAS', NULL, NULL, 5, NULL, '031-05432221-9', 0, 5, 'App\\User', 25, 'App\\User', 25, '2024-07-26 16:56:56', '2024-07-26 16:56:56'),
	(16647, 'ALINZON', 'MENDOSA', NULL, NULL, 5, NULL, '402-2649486-8', 0, 5, 'App\\User', 25, 'App\\User', 25, '2024-07-29 11:03:18', '2024-07-29 11:03:18'),
	(16644, 'ELADIO SIMEON', 'RODRIGUEZ', NULL, NULL, 5, NULL, '031-0151045-5', 0, 5, 'App\\User', 25, 'App\\User', 25, '2024-07-27 10:49:34', '2024-07-27 10:49:34'),
	(16645, 'VICENTE RAFAEL', 'DOMINGUE MERCADO', NULL, NULL, 5, NULL, '031-0250169-3', 0, 5, 'App\\User', 25, 'App\\User', 25, '2024-07-27 11:25:01', '2024-07-27 11:25:01'),
	(16646, 'FRANKLIN ANT', 'DOMINGUEZ VENTURA', NULL, NULL, 5, NULL, '031-0378358-9', 0, 5, 'App\\User', 25, 'App\\User', 25, '2024-07-27 11:41:23', '2024-07-27 11:41:23'),
	(16648, 'JOSE MANUEL', 'FERNANDEZ', NULL, NULL, 5, NULL, '036-0015631-3', 0, 5, 'App\\User', 25, 'App\\User', 25, '2024-07-29 12:59:49', '2024-07-29 12:59:49'),
	(16649, 'WALLI', 'DISLA', NULL, NULL, 5, NULL, '402-3707740-5', 0, 5, 'App\\User', 25, 'App\\User', 25, '2024-07-29 15:26:02', '2024-07-29 15:26:02'),
	(16650, 'JULISA', 'DIAZ', NULL, NULL, 5, NULL, '047-0136588-6', 0, 5, 'App\\User', 25, 'App\\User', 25, '2024-07-30 08:41:50', '2024-07-30 08:41:50'),
	(16651, 'ARCADIO', 'DIAZ', NULL, NULL, 5, NULL, '031-0228212-0', 0, 5, 'App\\User', 25, 'App\\User', 25, '2024-07-30 08:42:33', '2024-07-30 08:42:33'),
	(16652, 'DAWIS MANUEL', 'RODRIGUEZ MORONTA', NULL, NULL, 5, NULL, '054-0126096-2', 0, 5, 'App\\User', 25, 'App\\User', 25, '2024-07-30 09:06:17', '2024-07-30 09:06:17'),
	(16653, 'MARLENIS', 'ROSARIO', NULL, NULL, 5, NULL, '402-2000997-7', 0, 5, 'App\\User', 25, 'App\\User', 25, '2024-07-30 09:13:17', '2024-07-30 09:13:17'),
	(16654, 'IGNACIO', 'RAMOS', NULL, NULL, 5, NULL, '041-0017913-6', 0, 5, 'App\\User', 25, 'App\\User', 25, '2024-07-30 11:46:09', '2024-07-30 11:46:09'),
	(16655, 'MERKY', 'GARCIA DIAZ', NULL, NULL, 5, NULL, '402-2599204-5', 0, 5, 'App\\User', 25, 'App\\User', 25, '2024-07-30 13:59:10', '2024-07-30 13:59:10'),
	(16656, 'ABEL MARCELINO', 'AARO SEVERINO', NULL, NULL, 5, NULL, '402-1120354-8', 0, 5, 'App\\User', 25, 'App\\User', 25, '2024-07-30 14:29:48', '2024-07-30 14:29:48'),
	(16661, 'VICTOR', 'DIAZ', NULL, NULL, 5, NULL, '031-0421160-6', 0, 5, 'App\\User', 25, 'App\\User', 25, '2024-07-31 10:08:24', '2024-07-31 10:08:24'),
	(16657, 'HANSEL RAMON', 'SANCHEZ C', NULL, NULL, 5, NULL, '031-0434982-8', 0, 5, 'App\\User', 25, 'App\\User', 25, '2024-07-30 15:21:05', '2024-07-30 15:21:05'),
	(16658, 'DALIN', 'MARTINEZ', NULL, NULL, 5, NULL, '402-2116876-4', 0, 5, 'App\\User', 25, 'App\\User', 25, '2024-07-30 16:40:27', '2024-07-30 16:40:27'),
	(16659, 'JULIO ANTONIO', 'PARRA', NULL, NULL, 5, NULL, '031-0125419-5', 0, 5, 'App\\User', 25, 'App\\User', 25, '2024-07-31 08:03:00', '2024-07-31 08:03:00'),
	(16660, 'ELADIO', 'AQUILES SILVERIOS', NULL, NULL, 5, NULL, '031-0380930-1', 0, 5, 'App\\User', 25, 'App\\User', 25, '2024-07-31 08:49:50', '2024-07-31 08:49:50'),
	(16662, 'SR. CAMILO', 'RODRIGUEZ', NULL, NULL, 5, NULL, '000-000000-0', 0, 5, 'App\\User', 25, 'App\\User', 25, '2024-07-31 10:09:13', '2024-07-31 10:09:13'),
	(16663, 'ADALBERTO NICOLAS', 'RODRIGUEZ J', NULL, NULL, 5, NULL, '047-0141641-6', 0, 5, 'App\\User', 25, 'App\\User', 25, '2024-07-31 11:26:16', '2024-07-31 11:26:16'),
	(16664, 'JOANY', 'JIMINIAN SOSA', NULL, NULL, 5, NULL, '402-3950583-3', 0, 5, 'App\\User', 25, 'App\\User', 25, '2024-07-31 14:47:22', '2024-07-31 14:47:22'),
	(16665, 'JOSE MANUEL', 'POLANCO VENTURA', NULL, NULL, 5, NULL, '402-2399828-3', 0, 5, 'App\\User', 25, 'App\\User', 25, '2024-07-31 16:24:11', '2024-07-31 16:24:11'),
	(16666, 'ADRIANO', 'GARCIA', NULL, NULL, 5, NULL, '031-0099735-6', 0, 5, 'App\\User', 25, 'App\\User', 25, '2024-08-02 08:37:36', '2024-08-02 08:37:36'),
	(16667, 'JUAN ENRIQUE', 'ALVELO', NULL, NULL, 5, NULL, '101-0011924-6', 0, 5, 'App\\User', 25, 'App\\User', 25, '2024-08-02 10:55:23', '2024-08-02 10:55:23'),
	(16669, 'RAMIRO', 'REYES', NULL, NULL, 5, NULL, '094-0008760-8', 0, 5, 'App\\User', 25, 'App\\User', 25, '2024-08-02 16:19:33', '2024-08-02 16:19:33'),
	(16668, 'ENMANUEL ENR', 'TEJADA', NULL, NULL, 5, NULL, '402-2781175-5', 0, 5, 'App\\User', 25, 'App\\User', 25, '2024-08-02 14:59:45', '2024-08-02 14:59:45'),
	(16670, 'JOSE ANT', 'INOA MANDEZ', NULL, NULL, 5, NULL, '031-0238840-6', 0, 5, 'App\\User', 25, 'App\\User', 25, '2024-08-05 09:30:38', '2024-08-05 09:30:38'),
	(16671, 'FRANCISCO ANT', 'SOSA RODRIGUEZ', NULL, NULL, 5, NULL, '031-0440712-1', 0, 5, 'App\\User', 25, 'App\\User', 25, '2024-08-05 11:33:21', '2024-08-05 11:33:21'),
	(16672, 'VICENTE', 'DOMINGUEZ', NULL, NULL, 5, NULL, NULL, 0, 5, 'App\\User', 25, 'App\\User', 25, '2024-08-05 13:31:43', '2024-08-05 13:31:43'),
	(16673, 'MANUEL', 'DE LEON', NULL, NULL, 5, NULL, '03103635136', 0, 5, 'App\\User', 25, 'App\\User', 25, '2024-08-05 13:42:09', '2024-08-05 13:42:09'),
	(16674, 'MIGUEL', 'AGUILERA', NULL, NULL, 5, NULL, '093-0074516-4', 0, 5, 'App\\User', 25, 'App\\User', 25, '2024-08-05 14:33:42', '2024-08-05 14:33:42'),
	(16675, 'JONATHAN', 'DOMINGUEZ', NULL, NULL, 5, NULL, '03104707595', 0, 5, 'App\\User', 25, 'App\\User', 25, '2024-08-05 16:10:20', '2024-08-05 16:10:20'),
	(16676, 'ARISMENDI', 'ROSARIO', NULL, NULL, 5, NULL, '03100521404', 0, 5, 'App\\User', 25, 'App\\User', 25, '2024-08-05 16:43:32', '2024-08-05 16:43:32'),
	(16677, 'MIGUEL ANGEL CRUZ', 'CRUZ', NULL, NULL, 5, NULL, '03101028557', 0, 5, 'App\\User', 25, 'App\\User', 25, '2024-08-05 16:44:23', '2024-08-05 16:44:23'),
	(16678, 'JULIAN DE JESUS', 'RAMOS NUÑEZ', NULL, NULL, 5, NULL, '031-0248736-4', 0, 5, 'App\\User', 25, 'App\\User', 25, '2024-08-06 09:27:17', '2024-08-06 09:27:17'),
	(16679, 'ELIAS CAMILO', 'JIMENEZ COLON', NULL, NULL, 5, NULL, '402-2310946-9', 0, 5, 'App\\User', 25, 'App\\User', 25, '2024-08-06 10:00:53', '2024-08-06 10:00:53'),
	(16680, 'BRUNO MARIA', 'DOMINGUEZ', NULL, NULL, 5, NULL, '031-0128271-7', 0, 5, 'App\\User', 25, 'App\\User', 25, '2024-08-06 10:11:09', '2024-08-06 10:11:09'),
	(16681, 'JUAN LUIS', 'SILVERIO MILANE', NULL, NULL, 5, NULL, '402-1862756-6', 0, 5, 'App\\User', 25, 'App\\User', 25, '2024-08-06 10:57:08', '2024-08-06 10:57:08'),
	(16682, 'JOSE DARIO', 'COLON MERCADO', NULL, NULL, 5, NULL, '031-0128271-7', 0, 5, 'App\\User', 25, 'App\\User', 25, '2024-08-06 11:27:52', '2024-08-06 11:27:52'),
	(16683, 'YINI LEIDI', 'GOMEZ PEÑALO', NULL, NULL, 5, NULL, '115-0001661-0', 0, 5, 'App\\User', 25, 'App\\User', 25, '2024-08-06 11:33:33', '2024-08-06 11:33:33'),
	(16684, 'YUNILSA MILAGROS', 'HERNANDEZ JIMENEZ', NULL, NULL, 5, NULL, '047-0197871-2', 0, 5, 'App\\User', 25, 'App\\User', 25, '2024-08-06 11:35:22', '2024-08-06 11:35:22'),
	(16685, 'CRISTIAN', 'COLDERO', NULL, NULL, 5, NULL, '031-0048917-2', 0, 5, 'App\\User', 25, 'App\\User', 25, '2024-08-06 11:37:23', '2024-08-06 11:37:23'),
	(16686, 'AMBIORIS', 'CORNIEL', NULL, NULL, 5, NULL, '044-0010254-9', 0, 5, 'App\\User', 25, 'App\\User', 25, '2024-08-06 14:45:51', '2024-08-06 14:45:51'),
	(16695, 'LINO', 'TEJADA', NULL, NULL, 5, NULL, '402-2548834-1', 0, 5, 'App\\User', 25, 'App\\User', 25, '2024-08-09 15:26:46', '2024-08-09 15:26:46'),
	(16687, 'DAVID MARTIN', 'LAIZ FERNANDEZ', NULL, NULL, 5, NULL, '402-2390001-6', 0, 5, 'App\\User', 25, 'App\\User', 25, '2024-08-06 15:39:06', '2024-08-06 15:39:06'),
	(16688, 'LUIS MIGUEL', 'BALBUENA', NULL, NULL, 5, NULL, '402-0168964-9', 0, 5, 'App\\User', 25, 'App\\User', 25, '2024-08-07 10:06:34', '2024-08-07 10:06:34'),
	(16689, 'TEOFILO', 'JIMENEZ', NULL, NULL, 5, NULL, '031-0223052-5', 0, 5, 'App\\User', 25, 'App\\User', 25, '2024-08-07 11:48:09', '2024-08-07 11:48:09'),
	(16690, 'RAMON ANT', 'BAEZ GUZMAN', NULL, NULL, 5, NULL, '001-0102423-0', 0, 5, 'App\\User', 25, 'App\\User', 25, '2024-08-07 13:53:47', '2024-08-07 13:53:47'),
	(16691, 'SR.', 'PORTELA', NULL, NULL, 5, NULL, '031-0028167-8', 0, 5, 'App\\User', 25, 'App\\User', 25, '2024-08-07 15:55:29', '2024-08-07 15:55:29'),
	(16692, 'RAFAEL FRANCISCO', 'URELA G', NULL, NULL, 5, NULL, '031-0412716-6', 0, 5, 'App\\User', 25, 'App\\User', 25, '2024-08-08 09:09:31', '2024-08-08 09:09:31'),
	(16693, 'SRA.CELIA KARINA', 'ISIDOR R', NULL, NULL, 5, NULL, '031-0342396-3', 0, 5, 'App\\User', 25, 'App\\User', 25, '2024-08-08 10:24:58', '2024-08-08 10:24:58'),
	(16694, 'APOLINAR', 'CARDENA', NULL, NULL, 5, NULL, '087-0002898-1', 0, 5, 'App\\User', 25, 'App\\User', 25, '2024-08-08 10:29:58', '2024-08-08 10:29:58'),
	(16696, 'JUAN CARLOS', 'CASTILLO', NULL, NULL, 5, NULL, '031-0362417-1', 0, 5, 'App\\User', 25, 'App\\User', 25, '2024-08-09 16:36:05', '2024-08-09 16:36:05'),
	(16697, 'ARIEL ANT', 'TORREZ', NULL, NULL, 5, NULL, '031-0470208-3', 0, 5, 'App\\User', 25, 'App\\User', 25, '2024-08-10 08:12:22', '2024-08-10 08:12:22'),
	(16698, 'PRODENCIA', 'VENTURA VENTURA', NULL, NULL, 5, NULL, '031-0470208-3', 0, 5, 'App\\User', 25, 'App\\User', 25, '2024-08-10 10:08:56', '2024-08-10 10:08:56'),
	(16699, 'RAFAEL', 'DE LEON', NULL, NULL, 5, NULL, '03104712439', 0, 5, 'App\\User', 25, 'App\\User', 25, '2024-08-12 08:50:17', '2024-08-12 08:50:17'),
	(16700, 'JOSE', 'PORFIRIO', NULL, NULL, 5, NULL, '03101277600', 0, 5, 'App\\User', 25, 'App\\User', 25, '2024-08-12 09:04:30', '2024-08-12 09:04:30'),
	(16701, 'juan daniel', 'GARCIA', NULL, NULL, 5, NULL, '40211087206', 0, 5, 'App\\User', 25, 'App\\User', 25, '2024-08-12 12:05:07', '2024-08-12 12:05:07'),
	(16702, 'RAFAEL', 'BAUTISTA ESPAILLAT', NULL, NULL, 5, NULL, '031-0007144-2', 0, 5, 'App\\User', 25, 'App\\User', 25, '2024-08-12 15:59:35', '2024-08-12 15:59:35'),
	(16703, 'OMAR DE JESUS', 'LOPEZ', NULL, NULL, 5, NULL, '402-4208956-9', 0, 5, 'App\\User', 25, 'App\\User', 25, '2024-08-12 16:39:15', '2024-08-12 16:39:15'),
	(16704, 'RAFAEL', 'UREÑA', NULL, NULL, 5, NULL, '402-3194173-9', 0, 5, 'App\\User', 25, 'App\\User', 25, '2024-08-13 08:02:56', '2024-08-13 08:02:56'),
	(16713, 'FREDELINDA ANT', 'SOSA VENTURA', NULL, NULL, 5, NULL, '031-0239080-8', 0, 5, 'App\\User', 25, 'App\\User', 25, '2024-08-14 15:20:36', '2024-08-14 15:20:36'),
	(16705, 'CARLOS JOSE', 'ARIAS', NULL, NULL, 5, NULL, '031-0320772-0', 0, 5, 'App\\User', 25, 'App\\User', 25, '2024-08-13 09:05:10', '2024-08-13 09:05:10'),
	(16706, 'SR. JAIME', 'BISONO', NULL, NULL, 5, NULL, '000-000000-0', 0, 5, 'App\\User', 25, 'App\\User', 25, '2024-08-13 09:06:01', '2024-08-13 09:06:01'),
	(16707, 'DOMINGO', 'PINALES', NULL, NULL, 5, NULL, '402-2822318-2', 0, 5, 'App\\User', 25, 'App\\User', 25, '2024-08-13 14:36:54', '2024-08-13 14:36:54'),
	(16708, 'MARIANO DE JESUS', 'ESPINAL PEÑA', NULL, NULL, 5, NULL, '031-0215385-9', 0, 5, 'App\\User', 25, 'App\\User', 25, '2024-08-14 09:01:02', '2024-08-14 09:01:02'),
	(16709, 'SAAMUEL DE JESUS', 'DOMINGUEZ', NULL, NULL, 5, NULL, '031-0412474-2', 0, 5, 'App\\User', 25, 'App\\User', 25, '2024-08-14 10:30:56', '2024-08-14 10:30:56'),
	(16710, 'ALBANI ALT', 'CACERES ALMONTE', NULL, NULL, 5, NULL, '402-4417077-1', 0, 5, 'App\\User', 25, 'App\\User', 25, '2024-08-14 11:19:54', '2024-08-14 11:19:54'),
	(16711, 'GERNMANIA ALT', 'ALMONTE C. DE CACERES', NULL, NULL, 5, NULL, '055-0008999-9', 0, 5, 'App\\User', 25, 'App\\User', 25, '2024-08-14 11:21:05', '2024-08-14 11:21:05'),
	(16712, 'QUILVIO', 'TAPIA REYNOSO', NULL, NULL, 5, NULL, '031-00439332-6', 0, 5, 'App\\User', 25, 'App\\User', 25, '2024-08-14 11:28:09', '2024-08-14 11:28:09'),
	(16714, 'JOSE RAMON', 'VARGAS CLASSE', NULL, NULL, 5, NULL, '031-0020751-7', 0, 5, 'App\\User', 25, 'App\\User', 25, '2024-08-14 15:21:42', '2024-08-14 15:21:42'),
	(16715, 'VICTOR MANUEL', 'VICTORIANO S', NULL, NULL, 5, NULL, '402-2708796-8', 0, 5, 'App\\User', 25, 'App\\User', 25, '2024-08-14 15:44:01', '2024-08-14 15:44:01'),
	(16716, 'WILLI ANT', 'ROSARIO', NULL, NULL, 5, NULL, '402-2165782-4', 0, 5, 'App\\User', 25, 'App\\User', 25, '2024-08-14 16:08:56', '2024-08-14 16:08:56'),
	(16717, 'MARTIN', 'FERNANDEZ', NULL, NULL, 5, NULL, '031-0353517-9', 0, 5, 'App\\User', 25, 'App\\User', 25, '2024-08-14 16:09:45', '2024-08-14 16:09:45'),
	(16718, 'SRA.', 'NURIS', NULL, NULL, 5, NULL, '086-0002403-1', 0, 5, 'App\\User', 25, 'App\\User', 25, '2024-08-19 11:22:58', '2024-08-19 11:22:58'),
	(16719, 'EMERALDO', 'GUTIERREZ PEÑA', NULL, NULL, 5, NULL, '120-0000132-6', 0, 5, 'App\\User', 25, 'App\\User', 25, '2024-08-19 11:24:09', '2024-08-19 11:24:09'),
	(16720, 'VICTOR FELIBERTO', 'MARTINEZ', NULL, NULL, 5, NULL, '031-0393817-5', 0, 5, 'App\\User', 25, 'App\\User', 25, '2024-08-19 11:33:52', '2024-08-19 11:33:52'),
	(16721, 'JOSE MIGUEL', 'CHICON', NULL, NULL, 5, NULL, '031-0227230-3', 0, 5, 'App\\User', 25, 'App\\User', 25, '2024-08-19 16:50:05', '2024-08-19 16:50:05'),
	(16728, 'MANUEL DE JESUS', 'ROSARIO', NULL, NULL, 5, NULL, '031-0375973-8', 0, 5, 'App\\User', 25, 'App\\User', 25, '2024-08-21 15:49:46', '2024-08-21 15:49:46'),
	(16722, 'KENNEDY', 'SOSA FRANCISCO', NULL, NULL, 5, NULL, '402-2237149-0', 0, 5, 'App\\User', 25, 'App\\User', 25, '2024-08-20 08:08:17', '2024-08-20 08:08:17'),
	(16723, 'SAMUEL', 'DE LO SANTOS', NULL, NULL, 5, NULL, '402-0924090-8', 0, 5, 'App\\User', 25, 'App\\User', 25, '2024-08-20 16:56:55', '2024-08-20 16:56:55'),
	(16724, 'YONARDY', 'LOPEZ', NULL, NULL, 5, NULL, '402-2461871-6', 0, 5, 'App\\User', 25, 'App\\User', 25, '2024-08-21 09:50:16', '2024-08-21 09:50:16'),
	(16725, 'LUIS', 'CARABALLO', NULL, NULL, 5, NULL, '031-0471546-5', 0, 5, 'App\\User', 25, 'App\\User', 25, '2024-08-21 09:51:14', '2024-08-21 09:51:14'),
	(16726, 'YEUDY', 'PICHARDO', NULL, NULL, 5, NULL, '402-2230584-5', 0, 5, 'App\\User', 25, 'App\\User', 25, '2024-08-21 09:52:04', '2024-08-21 09:52:04'),
	(16727, 'PRICILO', 'POLANCO', NULL, NULL, 5, NULL, '102-0011145-7', 0, 5, 'App\\User', 25, 'App\\User', 25, '2024-08-21 14:00:10', '2024-08-21 14:00:10'),
	(16729, 'SAMUEL DE JESUS', 'MERCADO', NULL, NULL, 5, NULL, '102-0008591-7', 0, 5, 'App\\User', 25, 'App\\User', 25, '2024-08-22 10:06:26', '2024-08-22 10:06:26'),
	(16730, 'REYNALDO', 'PIMENTEL', NULL, NULL, 5, NULL, '053-0044661-3', 0, 5, 'App\\User', 25, 'App\\User', 25, '2024-08-22 14:24:40', '2024-08-22 14:24:40'),
	(16735, 'DIONISIO', 'GOMEZ', NULL, NULL, 5, NULL, '031-0216760-2', 0, 5, 'App\\User', 25, 'App\\User', 25, '2024-08-23 09:59:48', '2024-08-23 09:59:48'),
	(16731, 'HECTOR YORDANO', 'ACOSTA', NULL, NULL, 5, NULL, '402-2506843-2', 0, 5, 'App\\User', 25, 'App\\User', 25, '2024-08-22 15:51:02', '2024-08-22 15:51:02'),
	(16732, 'RUDOLPH', 'PIERRE', NULL, NULL, 5, NULL, 'R10158383', 0, 5, 'App\\User', 25, 'App\\User', 25, '2024-08-22 15:52:37', '2024-08-22 15:52:37'),
	(16733, 'LUIA MANUEL', 'ROJA', NULL, NULL, 5, NULL, '054-0074570-8', 0, 5, 'App\\User', 25, 'App\\User', 25, '2024-08-23 08:59:18', '2024-08-23 08:59:18'),
	(16734, 'LIC.', 'GLENIS', NULL, NULL, 5, NULL, '000-000000-0', 0, 5, 'App\\User', 25, 'App\\User', 25, '2024-08-23 09:02:45', '2024-08-23 09:02:45'),
	(16736, 'ENMANUEL', 'GOMEZ', NULL, NULL, 5, NULL, '031-0460152-5', 0, 5, 'App\\User', 25, 'App\\User', 25, '2024-08-23 10:37:50', '2024-08-23 10:37:50'),
	(16737, 'LUIS ANTONIO', 'CUESTO D', NULL, NULL, 5, NULL, '031-0216760-2', 0, 5, 'App\\User', 25, 'App\\User', 25, '2024-08-23 10:39:10', '2024-08-23 10:39:10'),
	(16738, 'VICTOR', 'CARRASCO', NULL, NULL, 5, NULL, '073-00122013-7', 0, 5, 'App\\User', 25, 'App\\User', 25, '2024-08-23 11:57:50', '2024-08-23 11:57:50'),
	(16739, 'ANGELO', 'VARGA CRUZ', NULL, NULL, 5, NULL, '031-0535324-1', 0, 5, 'App\\User', 25, 'App\\User', 25, '2024-08-23 11:59:21', '2024-08-23 11:59:21'),
	(16740, 'PEDRO MARIA', 'DE LEON DIAZ', NULL, NULL, 5, NULL, '031-0127887-1', 0, 5, 'App\\User', 25, 'App\\User', 25, '2024-08-26 08:08:56', '2024-08-26 08:08:56'),
	(16741, 'ANDRES', 'ROJAS', NULL, NULL, 5, NULL, '031-0206989-9', 0, 5, 'App\\User', 25, 'App\\User', 25, '2024-08-26 09:56:32', '2024-08-26 09:56:32'),
	(16742, 'DOMINGO ANT', 'ALMONTE', NULL, NULL, 5, NULL, '031-0360455-3', 0, 5, 'App\\User', 25, 'App\\User', 25, '2024-08-26 09:57:32', '2024-08-26 09:57:32'),
	(16743, 'ARACELIS', 'JIMENEZ', NULL, NULL, 5, NULL, '031-0374843-4', 0, 5, 'App\\User', 25, 'App\\User', 25, '2024-08-26 11:18:06', '2024-08-26 11:18:06'),
	(16745, 'FRANCISCO', 'CRUZ GOMEZ', NULL, NULL, 5, NULL, '039-0007547-8', 0, 5, 'App\\User', 25, 'App\\User', 25, '2024-08-27 09:30:08', '2024-08-27 09:30:08'),
	(16744, 'BENITO', 'DE LO SANTO M', NULL, NULL, 5, NULL, '031-0127980-4', 0, 5, 'App\\User', 25, 'App\\User', 25, '2024-08-27 08:38:19', '2024-08-27 08:38:19'),
	(16746, 'CARLOS ANGEL', 'CRUZ CABRERA', NULL, NULL, 5, NULL, '039-0018643-2', 0, 5, 'App\\User', 25, 'App\\User', 25, '2024-08-27 09:30:58', '2024-08-27 09:30:58'),
	(16747, 'LUIS EMILIO', 'HERNANDEZ M', NULL, NULL, 5, NULL, '039-0016750-7', 0, 5, 'App\\User', 25, 'App\\User', 25, '2024-08-27 09:31:45', '2024-08-27 09:31:45'),
	(16748, 'EDDIE', 'SAINT HILAIRE', NULL, NULL, 5, NULL, '402-1166927-6', 0, 5, 'App\\User', 25, 'App\\User', 25, '2024-08-27 10:07:44', '2024-08-27 10:07:44'),
	(16749, 'MIGUEL BALBUENA', 'GARCIA', NULL, NULL, 5, NULL, '031-0219547-0', 0, 5, 'App\\User', 25, 'App\\User', 25, '2024-08-27 10:08:58', '2024-08-27 10:08:58'),
	(16753, 'CANDIDO RAFAEL', 'COLON BAUTISTA', NULL, NULL, 5, NULL, '402-2414850-8', 0, 5, 'App\\User', 25, 'App\\User', 25, '2024-08-28 16:13:27', '2024-08-28 16:13:27'),
	(16750, 'ANA ISABEL', 'AYBAR', NULL, NULL, 5, NULL, '031-0458169-3', 0, 5, 'App\\User', 25, 'App\\User', 25, '2024-08-28 08:23:14', '2024-08-28 08:23:14'),
	(16751, 'PEDRO JUAN', 'GONZALEZ MARTINEZ', NULL, NULL, 5, NULL, '037-0050832-2', 0, 5, 'App\\User', 25, 'App\\User', 25, '2024-08-28 08:50:32', '2024-08-28 08:50:32'),
	(16752, 'JULIO', 'MAMBRU SOTO', NULL, NULL, 5, NULL, '031-0217702-3', 0, 5, 'App\\User', 25, 'App\\User', 25, '2024-08-28 08:56:58', '2024-08-28 08:56:58'),
	(16754, 'LUIS ALBERTO', 'CRUZ', NULL, NULL, 5, NULL, '001-0453278-3', 0, 5, 'App\\User', 25, 'App\\User', 25, '2024-08-29 10:56:17', '2024-08-29 10:56:17'),
	(16755, 'CAROLINA', 'LOPEZ', NULL, NULL, 5, NULL, '031-0325752-7', 0, 5, 'App\\User', 25, 'App\\User', 25, '2024-08-29 14:09:22', '2024-08-29 14:09:22'),
	(16756, 'MARIANO ANT', 'PERALTA', NULL, NULL, 5, NULL, '033-0026806-1', 0, 5, 'App\\User', 25, 'App\\User', 25, '2024-08-29 15:28:03', '2024-08-29 15:28:03'),
	(16757, 'DONILO ANT', 'GARCIA LAMR', NULL, NULL, 5, NULL, '031-0138236-8', 0, 5, 'App\\User', 25, 'App\\User', 25, '2024-08-30 08:06:23', '2024-08-30 08:06:23'),
	(16758, 'JOSE DE JESUS', 'RODRIGUEZ', NULL, NULL, 5, NULL, '001-1372456-1', 0, 5, 'App\\User', 25, 'App\\User', 25, '2024-08-30 10:04:28', '2024-08-30 10:04:28'),
	(16759, 'ROBERTO', 'CRUZ', NULL, NULL, 5, NULL, '094-0001333-1', 0, 5, 'App\\User', 25, 'App\\User', 25, '2024-08-30 12:22:49', '2024-08-30 12:22:49'),
	(16760, 'LEONARDO', 'arias', NULL, NULL, 5, NULL, '402-2689727-6', 0, 5, 'App\\User', 25, 'App\\User', 25, '2024-08-30 15:07:19', '2024-08-30 15:07:19'),
	(16761, 'RAFAEL', 'HERMOGENEZ ALMONTE', NULL, NULL, 5, NULL, '31-0321941-0', 0, 5, 'App\\User', 25, 'App\\User', 25, '2024-08-31 08:19:15', '2024-08-31 08:19:15'),
	(16762, 'LUIS MARIO', 'PARRA', NULL, NULL, 5, NULL, '402-1174283-4', 0, 5, 'App\\User', 25, 'App\\User', 25, '2024-08-31 09:02:50', '2024-08-31 09:02:50'),
	(16763, 'EUGENIO', 'PEREZ', NULL, NULL, 5, NULL, '031-0461981-6', 0, 5, 'App\\User', 25, 'App\\User', 25, '2024-08-31 09:10:00', '2024-08-31 09:10:00'),
	(16764, 'ALFREDO AGUSTIN', 'GOMEZ LOPEZ', NULL, NULL, 5, NULL, '018-0073515-3', 0, 5, 'App\\User', 25, 'App\\User', 25, '2024-09-02 08:54:38', '2024-09-02 08:54:38'),
	(16765, 'JUAN CARLOS', 'TAVAREZ ALMONTE', NULL, NULL, 5, NULL, '031-0435208-7', 0, 5, 'App\\User', 25, 'App\\User', 25, '2024-09-02 09:21:01', '2024-09-02 09:21:01'),
	(16766, 'JISE  ADRIAN', 'GUILLEN M', NULL, NULL, 5, NULL, '031-0433126-3', 0, 5, 'App\\User', 25, 'App\\User', 25, '2024-09-02 15:24:09', '2024-09-02 15:24:09'),
	(16767, 'RONAL ANT', 'RODRIGUEZ', NULL, NULL, 5, NULL, '031-0385794-6', 0, 5, 'App\\User', 25, 'App\\User', 25, '2024-09-04 10:27:36', '2024-09-04 10:27:36'),
	(16768, 'CARLOS JOSE', 'SUERO', NULL, NULL, 5, NULL, '031-0415228-9', 0, 5, 'App\\User', 25, 'App\\User', 25, '2024-09-04 15:39:10', '2024-09-04 15:39:10'),
	(16769, 'INAEL ANT', 'ROSARIO', NULL, NULL, 5, NULL, '031-0499460-7', 0, 5, 'App\\User', 25, 'App\\User', 25, '2024-09-04 16:07:57', '2024-09-04 16:07:57'),
	(16770, 'WILMER', 'PEREZ', NULL, NULL, 5, NULL, '402-2486815-4', 0, 5, 'App\\User', 25, 'App\\User', 25, '2024-09-05 16:50:19', '2024-09-05 16:50:19');
/*!40000 ALTER TABLE `visitors` ENABLE KEYS */;

/*!40103 SET TIME_ZONE=IFNULL(@OLD_TIME_ZONE, 'system') */;
/*!40101 SET SQL_MODE=IFNULL(@OLD_SQL_MODE, '') */;
/*!40014 SET FOREIGN_KEY_CHECKS=IFNULL(@OLD_FOREIGN_KEY_CHECKS, 1) */;
/*!40101 SET CHARACTER_SET_CLIENT=@OLD_CHARACTER_SET_CLIENT */;
/*!40111 SET SQL_NOTES=IFNULL(@OLD_SQL_NOTES, 1) */;
